,User_ID,UTC_Time,Account,Operation,Coin,Change,Remark
0,11351073,2021-04-23 08:05:00,Spot,Deposit,EUR,49.1,
1,11351073,2021-05-18 10:27:11,Spot,Large OTC trading,EUR,-49.1,
2,11351073,2021-05-18 10:27:11,Spot,Large OTC trading,BTC,0.00132121,
3,11351073,2021-05-22 09:01:55,Spot,Deposit,EUR,58.92,
4,11351073,2021-05-22 09:05:23,Spot,Large OTC trading,BTC,0.00192851,
5,11351073,2021-05-22 09:05:23,Spot,Large OTC trading,EUR,-58.92,
6,11351073,2021-06-10 17:02:36,Spot,Deposit,ETH,0.02234117,
763,11351073,2022-06-01 00:00:00,USDT-Futures,Funding Fee,USDT,-0.07313497,
764,11351073,2022-06-01 08:00:00,USDT-Futures,Funding Fee,USDT,-0.07239957,
765,11351073,2022-06-01 15:59:52,USDT-Futures,Realize profit and loss,USDT,-26.1027,
766,11351073,2022-06-01 15:59:52,USDT-Futures,Insurance fund compensation,USDT,-2.54108384,穿仓保证金补偿
767,11351073,2022-06-01 17:36:52,Spot,Sell,LUNA,-1.97,
768,11351073,2022-06-01 17:36:52,Spot,Sell,LUNA,-6.42,
769,11351073,2022-06-01 17:36:52,Spot,Fee,BNB,-9.872e-05,
770,11351073,2022-06-01 17:36:52,Spot,Fee,BNB,-3.033e-05,
771,11351073,2022-06-01 17:36:52,Spot,Sell,USDT,12.205726,
772,11351073,2022-06-01 17:36:52,Spot,Sell,USDT,39.715404,
773,11351073,2022-06-01 22:24:44,Spot,Buy,USDT,-51.8648025,
774,11351073,2022-06-01 22:24:44,Spot,Fee,BNB,-0.00012993,
775,11351073,2022-06-01 22:24:44,Spot,Buy,BTC,0.00175,
0,11351073,2021-07-20 09:47:24,Spot,Transaction Related,EUR,-58.86,
1,11351073,2021-07-20 09:47:24,Spot,Transaction Related,BTC,0.002309,
2,11351073,2021-07-20 09:47:24,Spot,Deposit,EUR,58.86,
3,11351073,2021-07-20 09:59:51,Spot,Transaction Related,BTC,0.000775,
4,11351073,2021-07-20 09:59:51,Spot,Transaction Related,EUR,-19.62,
5,11351073,2021-07-20 09:59:51,Spot,Deposit,EUR,19.62,
6,11351073,2021-07-22 12:19:41,Spot,Transaction Related,EUR,-981.0,
7,11351073,2021-07-22 12:19:41,Spot,Transaction Related,ETH,0.57907,
8,11351073,2021-07-22 12:19:41,Spot,Deposit,EUR,981.0,
9,11351073,2021-07-22 12:22:16,Spot,Deposit,EUR,294.3,
10,11351073,2021-07-22 12:22:16,Spot,Transaction Related,EUR,-294.3,
11,11351073,2021-07-22 12:22:16,Spot,Transaction Related,ETH,0.17349,
12,11351073,2021-07-22 15:54:09,Spot,Withdraw,ETH,-0.85442923,Withdraw fee is included
13,11351073,2021-07-24 20:29:21,Spot,Transaction Related,BNB,0.0576,
14,11351073,2021-07-24 20:29:21,Spot,Deposit,EUR,14.71,
15,11351073,2021-07-24 20:29:21,Spot,Transaction Related,EUR,-14.71,
16,11351073,2021-07-24 20:33:41,Spot,Withdraw,BNB,-0.0576,Withdraw fee is included
17,11351073,2021-07-24 21:05:34,Spot,Deposit,EUR,29.43,
18,11351073,2021-07-24 21:05:35,Spot,Transaction Related,EUR,-29.43,
19,11351073,2021-07-24 21:05:35,Spot,Transaction Related,BNB,0.1151,
20,11351073,2021-07-24 21:09:41,Spot,Withdraw,BNB,-0.1151,Withdraw fee is included
21,11351073,2021-07-27 17:13:37,Spot,Transaction Related,BNB,0.1876,
22,11351073,2021-07-27 17:13:37,Spot,Deposit,EUR,49.05,
23,11351073,2021-07-27 17:13:37,Spot,Transaction Related,EUR,-49.05,
24,11351073,2021-07-27 17:18:42,Spot,Withdraw,BNB,-0.1876,Withdraw fee is included
25,11351073,2021-07-27 17:25:44,Spot,Deposit,EUR,14.71,
26,11351073,2021-07-27 17:25:44,Spot,Transaction Related,BNB,0.0561,
27,11351073,2021-07-27 17:25:44,Spot,Transaction Related,EUR,-14.71,
28,11351073,2021-07-27 17:36:43,Spot,Withdraw,BNB,-0.0561,Withdraw fee is included
29,11351073,2021-07-29 12:55:43,Spot,Deposit,EUR,17.02,
30,11351073,2021-07-29 12:55:43,Spot,Transaction Related,EUR,-17.02,
31,11351073,2021-07-29 12:55:43,Spot,Transaction Related,BUSD,20.0,
32,11351073,2021-07-29 13:00:06,Spot,NFT transaction,BUSD,-20.0,
33,11351073,2021-07-29 15:06:53,Spot,Transaction Related,BUSD,120.0,
34,11351073,2021-07-29 15:06:53,Spot,Deposit,EUR,102.08,
35,11351073,2021-07-29 15:06:53,Spot,Transaction Related,EUR,-102.08,
36,11351073,2021-07-29 15:09:57,Spot,NFT transaction,BUSD,-32.69,
37,11351073,2021-07-29 15:11:01,Spot,NFT transaction,BUSD,-31.9,
38,11351073,2021-07-29 15:11:56,Spot,NFT transaction,BUSD,-31.99,
39,11351073,2021-07-29 17:29:37,Spot,Transaction Related,BNB,0.5,
40,11351073,2021-07-29 17:29:37,Spot,Transaction Related,EUR,-133.86,
41,11351073,2021-07-29 17:29:37,Spot,Deposit,EUR,133.86,
42,11351073,2021-07-29 17:46:42,Spot,Withdraw,BNB,-0.5,Withdraw fee is included
43,11351073,2021-07-30 15:08:08,Spot,Transaction Related,BNB,0.1,
44,11351073,2021-07-30 15:08:08,Spot,Deposit,EUR,26.53,
45,11351073,2021-07-30 15:08:08,Spot,Transaction Related,EUR,-26.53,
46,11351073,2021-07-30 15:14:41,Spot,Withdraw,BNB,-0.1,Withdraw fee is included
47,11351073,2021-08-03 14:11:47,Spot,Withdraw,BUSD,-23.42,Withdraw fee is included
48,11351073,2021-08-07 15:24:06,Spot,Transaction Related,EUR,-196.2,
49,11351073,2021-08-07 15:24:06,Spot,Deposit,EUR,196.2,
50,11351073,2021-08-07 15:24:06,Spot,Transaction Related,BUSD,226.01481401,
51,11351073,2021-08-07 15:29:45,Spot,Withdraw,BUSD,-226.01481401,Withdraw fee is included
52,11351073,2021-08-07 16:18:50,Spot,NFT transaction,BUSD,0.294,
53,11351073,2021-08-08 12:09:37,Spot,Deposit,EUR,151.27,
54,11351073,2021-08-08 12:09:38,Spot,Transaction Related,BNB,0.5,
55,11351073,2021-08-08 12:09:38,Spot,Transaction Related,EUR,-151.27,
56,11351073,2021-08-08 12:14:43,Spot,Withdraw,BNB,-0.5,Withdraw fee is included
57,11351073,2021-08-10 09:40:06,Spot,Deposit,EUR,174.14,
58,11351073,2021-08-10 09:40:06,Spot,Transaction Related,BUSD,200.0,
59,11351073,2021-08-10 09:40:06,Spot,Transaction Related,EUR,-174.14,
60,11351073,2021-08-10 09:46:37,Spot,Deposit,BUSD,201.0,
61,11351073,2021-08-10 09:52:30,Spot,Transaction Related,EUR,-348.35,
62,11351073,2021-08-10 09:52:30,Spot,Transaction Related,BUSD,400.0,
63,11351073,2021-08-10 09:52:30,Spot,Deposit,EUR,348.35,
64,11351073,2021-08-10 09:56:05,Spot,Withdraw,BUSD,-400.0,Withdraw fee is included
65,11351073,2021-08-10 11:00:17,Spot,NFT transaction,BUSD,-400.0,
66,11351073,2021-08-10 16:12:56,Spot,Small assets exchange BNB,ONT,-0.00525,
67,11351073,2021-08-10 16:12:56,Spot,Small assets exchange BNB,ONG,-0.0018992,
68,11351073,2021-08-10 16:12:56,Spot,Small assets exchange BNB,BNB,1.279e-05,
69,11351073,2021-08-10 16:12:56,Spot,Small assets exchange BNB,BNB,4.35e-06,
70,11351073,2021-08-16 13:30:53,Spot,NFT transaction,BUSD,14.7,
71,11351073,2021-08-17 12:47:13,Spot,Large OTC trading,BUSD,98.23569,
72,11351073,2021-08-17 12:47:13,Spot,Large OTC trading,BTC,-0.0021,
73,11351073,2021-08-17 12:51:43,Spot,Withdraw,BUSD,-100.0,Withdraw fee is included
74,11351073,2021-08-17 15:42:29,Spot,NFT transaction,BUSD,17.64,
75,11351073,2021-08-17 18:44:04,Spot,Fee,ETH,-0.000312,
76,11351073,2021-08-17 18:44:04,Spot,Buy,BTC,-0.02152269,
77,11351073,2021-08-17 18:44:04,Spot,Buy,ETH,0.312,
78,11351073,2021-08-17 18:50:45,Spot,Withdraw,ETH,-0.311688,Withdraw fee is included
79,11351073,2021-08-17 20:33:09,Spot,Small assets exchange BNB,BTC,-4.265e-05,
80,11351073,2021-08-17 20:33:09,Spot,Small assets exchange BNB,BNB,0.0046205,
81,11351073,2021-08-18 10:34:29,Spot,NFT transaction,BUSD,14.7,
82,11351073,2021-08-26 10:45:42,Spot,Withdraw,BUSD,-46.56969,Withdraw fee is included
83,11351073,2021-09-03 14:27:42,Spot,Withdraw,ETH,-0.0436561,Withdraw fee is included
84,11351073,2021-09-03 16:11:08,Spot,Deposit,ETH,0.18,
85,11351073,2021-09-05 15:18:03,Spot,Fee,BNB,-0.00098121,
86,11351073,2021-09-05 15:18:03,Spot,Sell,ETH,-0.1661,
87,11351073,2021-09-05 15:18:03,Spot,Sell,USDT,649.962588,
88,11351073,2021-09-05 15:20:42,Spot,Buy,ETH,0.0127,
89,11351073,2021-09-05 15:20:42,Spot,Fee,BNB,-7.517e-05,
90,11351073,2021-09-05 15:20:42,Spot,Buy,USDT,-49.678463,
91,11351073,2021-09-05 15:22:08,Spot,Sell,USDT,59.822847,
92,11351073,2021-09-05 15:22:08,Spot,Sell,ETH,-0.0153,
93,11351073,2021-09-05 15:22:08,Spot,Fee,BNB,-9.06e-05,
94,11351073,2021-09-05 16:29:44,Spot,Buy,USDT,-324.36,
95,11351073,2021-09-05 16:29:44,Spot,Fee,BNB,-0.0004896,
96,11351073,2021-09-05 16:29:44,Spot,Buy,AXS,4.0,
97,11351073,2021-09-06 12:24:40,Spot,Deposit,SLP,1000.0,
98,11351073,2021-09-06 20:48:56,Spot,Buy,USDT,-334.8995,
99,11351073,2021-09-06 20:48:56,Spot,Buy,BUSD,335.0,
100,11351073,2021-09-07 07:06:20,Spot,Buy,AXS,4.0,
101,11351073,2021-09-07 07:06:20,Spot,Buy,BUSD,-308.0,
102,11351073,2021-09-07 08:18:19,Spot,Small assets exchange BNB,ETH,-0.0113,
103,11351073,2021-09-07 08:18:19,Spot,Small assets exchange BNB,BNB,0.00169876,
104,11351073,2021-09-07 08:18:19,Spot,Small assets exchange BNB,BNB,0.05412145,
105,11351073,2021-09-07 08:18:19,Spot,Small assets exchange BNB,BUSD,-27.0,
106,11351073,2021-09-07 08:18:19,Spot,Small assets exchange BNB,USDT,-0.847472,
107,11351073,2021-09-07 08:18:19,Spot,Small assets exchange BNB,BNB,0.08745533,
108,11351073,2021-09-07 12:36:31,Spot,Sell,SLP,-1000.0,
109,11351073,2021-09-07 12:36:31,Spot,Sell,BUSD,120.0,
110,11351073,2021-09-07 12:49:46,Spot,Withdraw,BUSD,-120.0,Withdraw fee is included
111,11351073,2021-09-07 15:17:42,Spot,Deposit,SLP,2900.0,
112,11351073,2021-09-07 15:21:57,Spot,Sell,BUSD,287.39,
113,11351073,2021-09-07 15:21:57,Spot,Sell,SLP,-2900.0,
114,11351073,2021-09-07 15:24:23,Spot,Buy,BUSD,-216.524,
115,11351073,2021-09-07 15:24:23,Spot,Buy,SOL,0.09,
116,11351073,2021-09-07 15:24:23,Spot,Fee,BNB,-0.00039819,
117,11351073,2021-09-07 15:24:23,Spot,Fee,BNB,-0.00010179,
118,11351073,2021-09-07 15:24:23,Spot,Buy,SOL,0.34,
119,11351073,2021-09-07 15:24:23,Spot,Buy,BUSD,-55.352,
120,11351073,2021-09-07 15:24:23,Spot,Fee,BNB,-2.694e-05,
121,11351073,2021-09-07 15:24:23,Spot,Buy,BUSD,-14.6502,
122,11351073,2021-09-07 15:24:23,Spot,Buy,SOL,1.33,
123,11351073,2021-09-08 19:43:02,Spot,Sell,SOL,-1.76,
124,11351073,2021-09-08 19:43:02,Spot,Sell,BUSD,334.4,
125,11351073,2021-09-08 20:46:13,Spot,Buy,AXS,2.0,
126,11351073,2021-09-08 20:46:13,Spot,Buy,BUSD,-135.18,
127,11351073,2021-09-08 20:46:13,Spot,Fee,BNB,-0.0002442,
128,11351073,2021-09-09 19:12:32,Spot,Buy,SOL,1.05,
129,11351073,2021-09-09 19:12:32,Spot,Buy,BUSD,-192.15,
130,11351073,2021-09-11 14:23:03,Spot,Sell,SOL,-1.05,
131,11351073,2021-09-11 14:23:03,Spot,Sell,BUSD,196.3815,
132,11351073,2021-09-13 05:07:05,Spot,Buy,BUSD,-192.0,
133,11351073,2021-09-13 05:07:05,Spot,Buy,AXS,3.0,
134,11351073,2021-09-13 11:36:23,Spot,Small assets exchange BNB,BUSD,-12.3153,
135,11351073,2021-09-13 11:36:23,Spot,Small assets exchange BNB,BNB,0.03036285,
136,11351073,2021-09-13 11:41:31,Spot,Fee,BNB,-0.00012202,
137,11351073,2021-09-13 11:41:31,Spot,Buy,BNB,-0.1625,
138,11351073,2021-09-13 11:41:31,Spot,Buy,AXS,1.0,
139,11351073,2021-09-19 23:07:37,Spot,Buy,BUSD,-563.0043,
140,11351073,2021-09-19 23:07:37,Spot,Fee,BNB,-0.00103663,
141,11351073,2021-09-19 23:07:37,Spot,Buy,LUNA,17.17,
142,11351073,2021-09-20 17:36:41,Spot,Withdraw,LUNA,-17.17,Withdraw fee is included
143,11351073,2021-09-21 09:47:52,Spot,Transaction Related,EUR,-34.33,
144,11351073,2021-09-21 09:47:52,Spot,Transaction Related,BUSD,39.43597539,
145,11351073,2021-09-21 09:47:52,Spot,Deposit,EUR,34.33,
146,11351073,2021-09-21 09:50:45,Spot,Withdraw,BUSD,-39.73202673,Withdraw fee is included
147,11351073,2021-09-21 21:21:09,Spot,Deposit,SLP,1271.0,
148,11351073,2021-09-21 21:21:52,Spot,Sell,ETH,0.02647493,
149,11351073,2021-09-21 21:21:52,Spot,Fee,BNB,-0.00015805,
150,11351073,2021-09-21 21:21:52,Spot,Sell,SLP,-1271.0,
151,11351073,2021-09-23 17:42:41,Spot,Withdraw,AXS,-9.0,Withdraw fee is included
152,11351073,2021-09-23 18:09:42,Spot,Withdraw,ETH,-0.011,Withdraw fee is included
153,11351073,2021-09-23 23:26:38,Spot,Deposit,BUSD,18.0,
154,11351073,2021-09-23 23:28:36,Spot,Buy,BUSD,-17.879817,
155,11351073,2021-09-23 23:28:36,Spot,Fee,BNB,-3.506e-05,
156,11351073,2021-09-23 23:28:36,Spot,Buy,ETH,0.0057,
157,11351073,2021-09-27 09:05:27,Spot,Sell,BUSD,66.203782,
158,11351073,2021-09-27 09:05:27,Spot,Sell,ETH,-0.0211,
159,11351073,2021-09-27 21:09:42,Spot,Withdraw,BUSD,-66.323965,Withdraw fee is included
160,11351073,2021-09-29 11:16:43,Spot,Withdraw,AXS,-5.0,Withdraw fee is included
161,11351073,2021-10-01 16:07:07,Spot,Sell,BUSD,21.4604,
162,11351073,2021-10-01 16:07:07,Spot,Fee,BNB,-3.895e-05,
163,11351073,2021-10-01 16:07:07,Spot,Sell,BNB,-0.052,
164,11351073,2021-10-01 16:07:49,Spot,Buy,BUSD,-21.065,
165,11351073,2021-10-01 16:07:49,Spot,Fee,BNB,-3.831e-05,
166,11351073,2021-10-01 16:07:49,Spot,Buy,LUNA,0.55,
167,11351073,2021-10-24 15:13:11,Spot,Deposit,SLP,1.0,
168,11351073,2021-10-24 15:15:12,Spot,Deposit,SLP,6500.0,
169,11351073,2021-10-24 15:18:06,Spot,Fee,BNB,-0.00065868,
170,11351073,2021-10-24 15:18:06,Spot,Sell,SLP,-6501.0,
171,11351073,2021-10-24 15:18:06,Spot,Sell,ETH,0.1033659,
172,11351073,2021-10-24 17:01:08,Spot,Sell,BUSD,22.55,
173,11351073,2021-10-24 17:01:08,Spot,Sell,LUNA,-0.55,
174,11351073,2021-10-24 19:01:09,Spot,Withdraw,ETH,-0.100942,Withdraw fee is included
175,11351073,2021-10-28 14:26:42,Spot,Large OTC trading,BUSD,-22.9454,
176,11351073,2021-10-28 14:26:42,Spot,Large OTC trading,BNB,0.04775675,
177,11351073,2021-10-28 19:17:48,Spot,NFT transaction,BNB,-0.0015,
178,11351073,2021-10-28 19:17:59,Spot,NFT transaction,BNB,-0.0015,
179,11351073,2021-10-28 19:18:06,Spot,NFT transaction,BNB,-0.0015,
180,11351073,2021-10-28 19:18:22,Spot,NFT transaction,BNB,-0.0015,
181,11351073,2021-10-28 21:16:26,Spot,NFT transaction,BNB,-0.0015,
182,11351073,2021-10-31 18:22:38,Spot,Transaction Related,EUR,-49.05,
183,11351073,2021-10-31 18:22:38,Spot,Transaction Related,BNB,0.10869254,
184,11351073,2021-10-31 18:22:38,Spot,Deposit,EUR,49.05,
185,11351073,2021-10-31 18:26:42,Spot,Withdraw,BNB,-0.14900447,Withdraw fee is included
186,11351073,2021-11-11 20:17:04,Spot,Deposit,BUSD,31.87386141,
187,11351073,2021-11-11 20:25:38,Spot,Deposit,SLP,10.0,
188,11351073,2021-11-11 20:27:38,Spot,Deposit,SLP,5819.0,
189,11351073,2021-11-11 21:16:53,Spot,Fee,BUSD,-0.0674325,
190,11351073,2021-11-11 21:16:53,Spot,Sell,BUSD,30.9096,
191,11351073,2021-11-11 21:16:53,Spot,Sell,SLP,-443.0,
192,11351073,2021-11-11 21:16:53,Spot,Sell,SLP,-275.0,
193,11351073,2021-11-11 21:16:53,Spot,Sell,SLP,-1025.0,
194,11351073,2021-11-11 21:16:53,Spot,Sell,SLP,-925.0,
195,11351073,2021-11-11 21:16:53,Spot,Fee,BUSD,-0.0322947,
196,11351073,2021-11-11 21:16:53,Spot,Fee,BUSD,-0.0126846,
197,11351073,2021-11-11 21:16:53,Spot,Fee,BUSD,-0.0220158,
198,11351073,2021-11-11 21:16:53,Spot,Fee,BUSD,-0.0199746,
199,11351073,2021-11-11 21:16:53,Spot,Sell,BUSD,19.9746,
200,11351073,2021-11-11 21:16:53,Spot,Sell,SLP,-302.0,
201,11351073,2021-11-11 21:16:53,Spot,Sell,BUSD,12.6846,
202,11351073,2021-11-11 21:16:53,Spot,Sell,BUSD,32.2947,
203,11351073,2021-11-11 21:16:53,Spot,Sell,BUSD,22.0158,
204,11351073,2021-11-11 21:16:53,Spot,Sell,BUSD,16.9128,
205,11351073,2021-11-11 21:16:53,Spot,Fee,BUSD,-0.0164754,
206,11351073,2021-11-11 21:16:53,Spot,Sell,SLP,-274.0,
207,11351073,2021-11-11 21:16:53,Spot,Sell,BUSD,74.7225,
208,11351073,2021-11-11 21:16:53,Spot,Sell,BUSD,66.8493,
209,11351073,2021-11-11 21:16:53,Spot,Sell,SLP,-917.0,
210,11351073,2021-11-11 21:16:53,Spot,Sell,SLP,-274.0,
211,11351073,2021-11-11 21:16:53,Spot,Fee,BUSD,-0.0747225,
212,11351073,2021-11-11 21:16:53,Spot,Sell,BUSD,19.9746,
213,11351073,2021-11-11 21:16:53,Spot,Sell,SLP,-232.0,
214,11351073,2021-11-11 21:16:53,Spot,Fee,BUSD,-0.0246402,
215,11351073,2021-11-11 21:16:53,Spot,Sell,SLP,-338.0,
216,11351073,2021-11-11 21:16:53,Spot,Sell,BUSD,20.0475,
217,11351073,2021-11-11 21:16:53,Spot,Sell,SLP,-226.0,
218,11351073,2021-11-11 21:16:53,Spot,Fee,BUSD,-0.0199746,
219,11351073,2021-11-11 21:16:53,Spot,Fee,BUSD,-0.0668493,
220,11351073,2021-11-11 21:16:53,Spot,Sell,BUSD,67.4325,
221,11351073,2021-11-11 21:16:53,Spot,Fee,BUSD,-0.0169128,
222,11351073,2021-11-11 21:16:53,Spot,Sell,SLP,-424.0,
223,11351073,2021-11-11 21:16:53,Spot,Fee,BUSD,-0.0200475,
224,11351073,2021-11-11 21:16:53,Spot,Sell,BUSD,24.6402,
225,11351073,2021-11-11 21:16:53,Spot,Fee,BUSD,-0.0309096,
226,11351073,2021-11-11 21:16:53,Spot,Sell,BUSD,16.4754,
227,11351073,2021-11-11 21:16:53,Spot,Sell,SLP,-174.0,
228,11351073,2021-11-12 01:22:29,Spot,Buy,BUSD,-228.34,
229,11351073,2021-11-12 01:22:29,Spot,Buy,LUNA,4.66,
230,11351073,2021-11-12 14:22:33,Spot,Deposit,BUSD,96.78924071,
231,11351073,2021-11-13 11:36:06,Spot,Large OTC trading,USDT,324.55681026,
232,11351073,2021-11-13 11:36:06,Spot,Large OTC trading,BUSD,-324.83226802,
233,11351073,2021-11-13 11:51:43,Spot,Withdraw,USDT,-10.0,Withdraw fee is included
234,11351073,2021-11-13 12:07:45,Spot,Withdraw,USDT,-200.0,Withdraw fee is included
235,11351073,2021-11-14 00:50:24,Spot,Buy,USDT,-114.3192,
236,11351073,2021-11-14 00:50:24,Spot,Fee,LUNA,-0.00218,
237,11351073,2021-11-14 00:50:24,Spot,Buy,LUNA,2.18,
238,11351073,2021-11-14 14:38:42,Spot,Withdraw,LUNA,-5.0,Withdraw fee is included
239,11351073,2021-12-14 22:17:04,Spot,Deposit,USDT,649.40805311,
240,11351073,2021-12-14 22:17:53,Spot,Large OTC trading,USDT,-649.64566337,
241,11351073,2021-12-14 22:17:53,Spot,Large OTC trading,AXS,6.74820518,
242,11351073,2021-12-15 09:43:44,Spot,Withdraw,AXS,-6.74820518,Withdraw fee is included
243,11351073,2021-12-27 12:53:38,Spot,Deposit,AXS,4.0,
244,11351073,2021-12-27 12:54:03,Spot,Large OTC trading,AXS,-4.0,
245,11351073,2021-12-27 12:54:03,Spot,Large OTC trading,ETH,0.1070976,
246,11351073,2021-12-27 14:10:38,Spot,Deposit,AXS,1.0,
247,11351073,2021-12-27 14:32:04,Spot,Deposit,BTC,0.01078568,
248,11351073,2021-12-27 14:37:51,Spot,Large OTC trading,BTC,-0.01078568,
249,11351073,2021-12-27 14:37:51,Spot,Large OTC trading,ETH,0.13545782,
250,11351073,2021-12-27 16:08:06,Spot,Large OTC trading,AXS,-1.0,
251,11351073,2021-12-27 16:08:06,Spot,Large OTC trading,ETH,0.0268635,
252,11351073,2021-12-27 16:12:08,Spot,Deposit,SLP,9615.0,
253,11351073,2021-12-27 16:13:57,Spot,Fee,ETH,-1.861e-05,
254,11351073,2021-12-27 16:13:57,Spot,Sell,ETH,0.01860696,
255,11351073,2021-12-27 16:13:57,Spot,Sell,SLP,-2404.0,
256,11351073,2021-12-27 16:24:43,Spot,Withdraw,ETH,-0.2905061,Withdraw fee is included
257,11351073,2022-01-04 20:20:42,Spot,Withdraw,LUNA,-1.83782,Withdraw fee is included
258,11351073,2022-01-04 21:20:43,Spot,Fee,LUNA,-0.00062,
259,11351073,2022-01-04 21:20:43,Spot,Buy,LUNA,0.62,
260,11351073,2022-01-04 21:20:43,Spot,Buy,USDT,-53.444,
261,11351073,2022-01-04 22:06:25,Spot,Fee,USDT,-0.1860438,
262,11351073,2022-01-04 22:06:25,Spot,Sell,SLP,-7211.0,
263,11351073,2022-01-04 22:06:25,Spot,Sell,USDT,186.0438,
264,11351073,2022-01-04 22:09:16,Spot,Buy,MATIC,14.0,
265,11351073,2022-01-04 22:09:16,Spot,Buy,USDT,-33.6,
266,11351073,2022-01-04 22:09:16,Spot,Fee,MATIC,-0.014,
267,11351073,2022-01-05 09:08:12,Spot,Fee,LUNA,-0.0014,
268,11351073,2022-01-05 09:08:12,Spot,Buy,LUNA,1.4,
269,11351073,2022-01-05 09:08:12,Spot,Buy,USDT,-120.358,
270,11351073,2022-01-05 12:44:35,Spot,Buy,ADA,20.0,
271,11351073,2022-01-05 12:44:35,Spot,Buy,USDT,-26.48,
272,11351073,2022-01-05 12:44:35,Spot,Fee,ADA,-0.02,
273,11351073,2022-01-05 16:11:09,Spot,Fee,LUNA,-0.0005,
274,11351073,2022-01-05 16:11:09,Spot,Buy,LUNA,0.5,
275,11351073,2022-01-05 16:11:09,Spot,Buy,USDT,-42.315,
276,11351073,2022-01-05 17:36:23,Spot,Buy,USDT,-45.65,
277,11351073,2022-01-05 17:36:23,Spot,Fee,LUNA,-0.00055,
278,11351073,2022-01-05 17:36:23,Spot,Buy,LUNA,0.55,
279,11351073,2022-01-05 17:44:14,Spot,Fee,LUNA,-0.00055,
280,11351073,2022-01-05 17:44:14,Spot,Buy,USDT,-45.375,
281,11351073,2022-01-05 17:44:14,Spot,Buy,LUNA,0.55,
282,11351073,2022-01-05 17:51:36,Spot,Buy,MATIC,15.0,
283,11351073,2022-01-05 17:51:36,Spot,Fee,MATIC,-0.015,
284,11351073,2022-01-05 17:51:36,Spot,Buy,USDT,-35.1,
285,11351073,2022-01-06 15:58:42,Spot,Withdraw,LUNA,-3.61638,Withdraw fee is included
286,11351073,2022-01-08 12:22:42,Spot,Withdraw,SOL,-1.50770326,Withdraw fee is included
287,11351073,2022-01-08 23:00:11,Spot,Deposit,UST,181.0,
288,11351073,2022-01-08 23:02:05,Spot,Buy,LUNA,2.65,
289,11351073,2022-01-08 23:02:05,Spot,Fee,LUNA,-0.00265,
290,11351073,2022-01-08 23:02:05,Spot,Buy,UST,-180.147,
291,11351073,2022-01-08 23:10:53,Spot,Withdraw,LUNA,-2.64735,Withdraw fee is included
292,11351073,2022-01-17 11:24:53,Spot,Small assets exchange BNB,BNB,0.06209645,
293,11351073,2022-01-17 11:24:53,Spot,Small assets exchange BNB,ADA,-19.98,
294,11351073,2022-01-17 11:25:29,Spot,Large OTC trading,BNB,-0.06209645,
295,11351073,2022-01-17 11:25:29,Spot,Large OTC trading,USDT,29.95886698,
296,11351073,2022-01-19 07:04:03,Spot,Fee,ROSE,-0.0645,
297,11351073,2022-01-19 07:04:03,Spot,Buy,USDT,-30.315,
298,11351073,2022-01-19 07:04:03,Spot,Buy,ROSE,64.5,
299,11351073,2022-01-20 09:26:58,Spot,Deposit,EUR,19.64,
300,11351073,2022-01-20 09:32:32,Spot,Buy,MATIC,10.7,
301,11351073,2022-01-20 09:32:32,Spot,Buy,EUR,-19.43227,
302,11351073,2022-01-20 09:32:32,Spot,Fee,MATIC,-0.0107,
303,11351073,2022-01-20 10:08:42,Spot,Withdraw,ROSE,-112.0,Withdraw fee is included
304,11351073,2022-01-20 10:10:29,Spot,Small assets exchange BNB,BNB,0.00077222,
305,11351073,2022-01-20 10:10:29,Spot,Small assets exchange BNB,BNB,5.668e-05,
306,11351073,2022-01-20 10:10:29,Spot,Small assets exchange BNB,USDT,-0.02715766,
307,11351073,2022-01-20 10:10:29,Spot,Small assets exchange BNB,EUR,-0.20773,
308,11351073,2022-01-20 10:10:29,Spot,Small assets exchange BNB,BNB,0.00178311,
309,11351073,2022-01-20 10:10:29,Spot,Small assets exchange BNB,UST,-0.853,
310,11351073,2022-01-20 10:10:29,Spot,Small assets exchange BNB,ROSE,-0.81072747,
311,11351073,2022-01-20 10:10:29,Spot,Small assets exchange BNB,BNB,0.00049155,
312,11351073,2022-03-23 22:59:38,Spot,Deposit,SLP,1.0,
313,11351073,2022-03-23 23:01:38,Spot,Deposit,SLP,11195.0,
314,11351073,2022-03-23 23:02:47,Spot,Large OTC trading,SLP,-11196.0,
315,11351073,2022-03-23 23:02:47,Spot,Large OTC trading,UST,247.885038,
316,11351073,2022-03-23 23:57:41,Spot,Withdraw,UST,-247.885038,Withdraw fee is included
317,11351073,2022-04-04 12:15:11,Spot,Deposit,SLP,1.0,
318,11351073,2022-04-04 12:17:10,Spot,Deposit,SLP,1737.0,
319,11351073,2022-04-04 12:18:20,Spot,Large OTC trading,SLP,-1738.0,
320,11351073,2022-04-04 12:18:20,Spot,Large OTC trading,USDT,47.96465584,
321,11351073,2022-04-06 15:44:59,Spot,Buy,USDT,-19.99798,
322,11351073,2022-04-06 15:44:59,Spot,Buy,JASMY,651.4,
323,11351073,2022-04-06 15:44:59,Spot,Buy,USDT,-3.98179,
324,11351073,2022-04-06 15:44:59,Spot,Buy,JASMY,129.7,
325,11351073,2022-04-06 15:44:59,Spot,Fee,BNB,-3.502e-05,
326,11351073,2022-04-06 15:44:59,Spot,Fee,BNB,-6.96e-06,
327,11351073,2022-04-19 13:35:06,Spot,Fee,BNB,-7.734e-05,
328,11351073,2022-04-19 13:35:06,Spot,Sell,BNB,-0.103,
329,11351073,2022-04-19 13:35:06,Spot,Sell,BUSD,43.0952,
330,11351073,2022-04-19 13:35:59,Spot,Buy,USDT,-11.9988,
331,11351073,2022-04-19 13:35:59,Spot,Buy,BUSD,12.0,
332,11351073,2022-04-19 13:40:45,Spot,Withdraw,BUSD,-55.0952,Withdraw fee is included
333,11351073,2022-04-22 17:06:25,USDT-Futures,transfer_in,USDT,11.98608584,
334,11351073,2022-04-22 17:06:25,Spot,transfer_out,USDT,-11.98608584,
335,11351073,2022-04-22 17:14:48,USDT-Futures,transfer_out,USDT,-11.98608584,
336,11351073,2022-04-22 17:14:48,Spot,transfer_in,USDT,11.98608584,
337,11351073,2022-04-22 17:15:57,Spot,Buy,BTC,0.0003,
338,11351073,2022-04-22 17:15:57,Spot,Buy,USDT,-11.844369,
339,11351073,2022-04-22 17:15:57,Spot,Fee,BNB,-2.178e-05,
340,11351073,2022-04-23 12:29:51,Spot,Sell,BTC,-0.0003,
341,11351073,2022-04-23 12:29:51,Spot,Fee,BNB,-2.202e-05,
342,11351073,2022-04-23 12:29:51,Spot,Sell,USDT,11.921799,
343,11351073,2022-04-24 08:35:11,Spot,Buy,USDT,-11.92287,
344,11351073,2022-04-24 08:35:11,Spot,Buy,BTC,0.0003,
345,11351073,2022-04-24 08:35:11,Spot,Fee,BNB,-2.214e-05,
346,11351073,2022-04-24 09:19:57,Spot,Fee,BNB,-2.216e-05,
347,11351073,2022-04-24 09:19:57,Spot,Sell,BTC,-0.0003,
348,11351073,2022-04-24 09:19:57,Spot,Sell,USDT,11.927169,
349,11351073,2022-04-24 10:53:18,Spot,Fee,BNB,-2.216e-05,
350,11351073,2022-04-24 10:53:18,Spot,Buy,BTC,0.0003,
351,11351073,2022-04-24 10:53:18,Spot,Buy,USDT,-11.895114,
352,11351073,2022-04-25 08:32:32,Spot,Sell,USDT,11.55201,
353,11351073,2022-04-25 08:32:32,Spot,Sell,BTC,-0.0003,
354,11351073,2022-04-25 08:32:32,Spot,Fee,BNB,-2.251e-05,
355,11351073,2022-04-25 08:48:59,Spot,Buy,USDT,-11.544654,
356,11351073,2022-04-25 08:48:59,Spot,Buy,BTC,0.0003,
357,11351073,2022-04-25 08:48:59,Spot,Fee,BNB,-2.25e-05,
358,11351073,2022-04-25 09:02:13,Spot,Fee,BNB,-3.299e-05,
359,11351073,2022-04-25 09:02:13,Spot,Sell,BTC,0.00043741,
360,11351073,2022-04-25 09:02:13,Spot,Sell,JASMY,-781.1,
361,11351073,2022-04-25 23:51:53,Spot,Sell,BTC,-0.00073,
362,11351073,2022-04-25 23:51:53,Spot,Sell,USDT,29.5459397,
363,11351073,2022-04-25 23:51:53,Spot,Fee,BNB,-5.476e-05,
364,11351073,2022-04-26 15:42:04,Spot,Buy,BTC,0.00076,
365,11351073,2022-04-26 15:42:04,Spot,Buy,USDT,-29.5461172,
366,11351073,2022-04-26 15:42:04,Spot,Fee,BTC,-7.6e-07,
367,11351073,2022-04-27 08:27:09,Spot,Deposit,SLP,2091.0,
368,11351073,2022-04-27 08:28:00,Spot,Sell,SLP,-2091.0,
369,11351073,2022-04-27 08:28:00,Spot,Fee,USDT,-0.02962947,
370,11351073,2022-04-27 08:28:00,Spot,Sell,USDT,29.62947,
371,11351073,2022-04-27 08:28:31,Spot,Buy,USDT,-29.6872492,
372,11351073,2022-04-27 08:28:31,Spot,Fee,BTC,-7.6e-07,
373,11351073,2022-04-27 08:28:31,Spot,Buy,BTC,0.00076,
374,11351073,2022-04-27 12:18:34,Spot,Sell,BTC,-0.00076,
375,11351073,2022-04-27 12:18:34,Spot,Sell,USDT,29.6216232,
376,11351073,2022-04-27 12:18:34,Spot,Fee,USDT,-0.02962162,
377,11351073,2022-04-27 12:18:57,Spot,Fee,USDT,-0.02963644,
378,11351073,2022-04-27 12:18:57,Spot,Sell,BTC,-0.00076,
379,11351073,2022-04-27 12:18:57,Spot,Sell,USDT,29.6364356,
380,11351073,2022-04-27 13:44:44,Spot,Buy,BTC,0.00151,
381,11351073,2022-04-27 13:44:44,Spot,Fee,BTC,-1.51e-06,
382,11351073,2022-04-27 13:44:44,Spot,Buy,USDT,-59.2352011,
383,11351073,2022-04-28 15:06:49,Spot,Fee,USDT,-0.06017232,
384,11351073,2022-04-28 15:06:49,Spot,Sell,BTC,-0.00151,
385,11351073,2022-04-28 15:06:49,Spot,Sell,USDT,60.1723222,
386,11351073,2022-04-28 20:07:35,Spot,Buy,BTC,0.00038,
387,11351073,2022-04-28 20:07:35,Spot,Fee,BTC,-3.8e-07,
388,11351073,2022-04-28 20:07:35,Spot,Buy,USDT,-15.1143594,
389,11351073,2022-04-28 22:01:29,Spot,Buy,USDT,-44.9679319,
390,11351073,2022-04-28 22:01:29,Spot,Buy,BTC,0.00113,
391,11351073,2022-04-28 22:01:29,Spot,Fee,BTC,-1.13e-06,
392,11351073,2022-04-28 22:56:09,Spot,Deposit,AXS,6.06552562,
393,11351073,2022-04-28 22:57:14,Spot,Sell,USDT,29.26,
394,11351073,2022-04-28 22:57:14,Spot,Sell,AXS,-5.03,
395,11351073,2022-04-28 22:57:14,Spot,Sell,USDT,9.88,
396,11351073,2022-04-28 22:57:14,Spot,Fee,USDT,-0.02926,
397,11351073,2022-04-28 22:57:14,Spot,Sell,AXS,-0.26,
398,11351073,2022-04-28 22:57:14,Spot,Sell,USDT,191.14,
399,11351073,2022-04-28 22:57:14,Spot,Fee,USDT,-0.00988,
400,11351073,2022-04-28 22:57:14,Spot,Sell,AXS,-0.77,
401,11351073,2022-04-28 22:57:14,Spot,Fee,USDT,-0.19114,
402,11351073,2022-04-29 09:20:43,Spot,Buy,BTC,0.00147,
403,11351073,2022-04-29 09:20:43,Spot,Fee,BTC,-1.47e-06,
404,11351073,2022-04-29 09:20:43,Spot,Buy,USDT,-57.7016895,
405,11351073,2022-04-29 09:21:38,Spot,Buy,UST,110.0,
406,11351073,2022-04-29 09:21:38,Spot,Buy,USDT,-110.0,
407,11351073,2022-04-29 09:25:42,Spot,Withdraw,UST,-110.0,Withdraw fee is included
408,11351073,2022-04-29 11:35:28,Spot,Fee,BTC,-8.1e-07,
409,11351073,2022-04-29 11:35:28,Spot,Buy,USDT,-31.3754796,
410,11351073,2022-04-29 11:35:28,Spot,Buy,BTC,0.00081,
411,11351073,2022-04-30 23:06:25,Spot,Buy,USDT,-30.6464796,
412,11351073,2022-04-30 23:06:25,Spot,Fee,BTC,-8.1e-07,
413,11351073,2022-04-30 23:06:25,Spot,Buy,BTC,0.00081,
414,11351073,2022-05-05 10:03:27,Spot,Sell,MATIC,-39.6,
415,11351073,2022-05-05 10:03:27,Spot,Sell,ETH,0.01549152,
416,11351073,2022-05-05 10:03:27,Spot,Fee,ETH,-1.549e-05,
417,11351073,2022-05-05 11:50:20,Spot,Small assets exchange BNB,BNB,0.00045311,
418,11351073,2022-05-05 11:50:20,Spot,Small assets exchange BNB,BNB,0.00099622,
419,11351073,2022-05-05 11:50:20,Spot,Small assets exchange BNB,BNB,0.00016751,
420,11351073,2022-05-05 11:50:20,Spot,Small assets exchange BNB,MATIC,-0.0603,
421,11351073,2022-05-05 11:50:20,Spot,Small assets exchange BNB,AXS,-0.00552562,
422,11351073,2022-05-05 11:50:20,Spot,Small assets exchange BNB,USDT,-0.41200019,
423,11351073,2022-05-07 23:28:43,Spot,Withdraw,ETH,-0.01547603,Withdraw fee is included
424,11351073,2022-05-08 09:02:03,Spot,Deposit,ETH,0.01540503,
425,11351073,2022-05-08 09:08:42,Spot,Withdraw,ETH,-0.01540503,Withdraw fee is included
426,11351073,2022-05-08 09:30:06,Spot,transfer_out,USDT,-50.0,
427,11351073,2022-05-08 09:30:06,USDT-Futures,transfer_in,USDT,50.0,
428,11351073,2022-05-08 10:01:17,Spot,Deposit,SLP,700.0,
429,11351073,2022-05-08 10:13:36,USDT-Futures,Fee,USDT,-0.24942456,
430,11351073,2022-05-08 10:53:19,USDT-Futures,Fee,USDT,-0.500256,
431,11351073,2022-05-08 10:53:19,USDT-Futures,Realize profit and loss,USDT,-3.5172,
432,11351073,2022-05-08 11:29:04,USDT-Futures,Fee,USDT,-0.44587648,
433,11351073,2022-05-08 11:40:10,USDT-Futures,Realize profit and loss,USDT,-0.9472,
434,11351073,2022-05-08 11:40:10,USDT-Futures,Fee,USDT,-0.4454976,
435,11351073,2022-05-08 12:34:16,USDT-Futures,Fee,USDT,-0.4432768,
436,11351073,2022-05-08 12:34:16,USDT-Futures,Realize profit and loss,USDT,5.552,
437,11351073,2022-05-08 12:53:10,USDT-Futures,Fee,USDT,-0.02767968,
438,11351073,2022-05-08 12:53:10,USDT-Futures,Fee,USDT,-0.01383984,
439,11351073,2022-05-08 12:53:10,USDT-Futures,Fee,USDT,-0.31831632,
440,11351073,2022-05-08 12:53:10,USDT-Futures,Fee,USDT,-0.01383984,
441,11351073,2022-05-08 12:53:10,USDT-Futures,Fee,USDT,-0.01383984,
442,11351073,2022-05-08 12:53:10,USDT-Futures,Fee,USDT,-0.51207408,
443,11351073,2022-05-08 12:53:10,USDT-Futures,Realize profit and loss,USDT,-1.0048,
444,11351073,2022-05-08 13:19:55,USDT-Futures,Realize profit and loss,USDT,0.0459,
445,11351073,2022-05-08 13:19:55,USDT-Futures,Realize profit and loss,USDT,0.4131,
446,11351073,2022-05-08 13:19:55,USDT-Futures,Realize profit and loss,USDT,1.0098,
447,11351073,2022-05-08 13:19:55,USDT-Futures,Fee,USDT,-0.12439332,
448,11351073,2022-05-08 13:19:55,USDT-Futures,Fee,USDT,-0.30407256,
449,11351073,2022-05-08 13:19:55,USDT-Futures,Fee,USDT,-0.01382148,
450,11351073,2022-05-08 13:20:04,USDT-Futures,Fee,USDT,-0.45641772,
451,11351073,2022-05-08 16:00:00,USDT-Futures,Funding Fee,USDT,0.11680693,
452,11351073,2022-05-08 18:23:35,USDT-Futures,Realize profit and loss,USDT,9.4031,
453,11351073,2022-05-08 18:23:35,USDT-Futures,Fee,USDT,-0.46649632,
454,11351073,2022-05-09 08:20:58,USDT-Futures,Fee,USDT,-0.5342496,
455,11351073,2022-05-09 08:56:47,USDT-Futures,Fee,USDT,-0.01343528,
456,11351073,2022-05-09 08:56:47,USDT-Futures,Realize profit and loss,USDT,0.395,
457,11351073,2022-05-09 08:56:47,USDT-Futures,Fee,USDT,-0.04030584,
458,11351073,2022-05-09 08:56:47,USDT-Futures,Fee,USDT,-0.02687048,
459,11351073,2022-05-09 08:56:47,USDT-Futures,Realize profit and loss,USDT,0.1976,
460,11351073,2022-05-09 08:56:47,USDT-Futures,Realize profit and loss,USDT,0.5928,
461,11351073,2022-05-09 08:56:47,USDT-Futures,Fee,USDT,-0.4299264,
462,11351073,2022-05-09 08:56:47,USDT-Futures,Fee,USDT,-0.01343548,
463,11351073,2022-05-09 08:56:47,USDT-Futures,Realize profit and loss,USDT,0.1981,
464,11351073,2022-05-09 08:56:47,USDT-Futures,Realize profit and loss,USDT,6.3168,
465,11351073,2022-05-09 08:56:47,USDT-Futures,Fee,USDT,-0.0134352,
466,11351073,2022-05-09 08:56:47,USDT-Futures,Realize profit and loss,USDT,0.1974,
467,11351073,2022-05-09 10:12:24,USDT-Futures,Fee,USDT,-0.173641,
468,11351073,2022-05-09 10:12:24,USDT-Futures,Fee,USDT,-0.4407678,
469,11351073,2022-05-09 15:31:05,USDT-Futures,Realize profit and loss,USDT,-57.835,
470,11351073,2022-05-09 15:31:05,USDT-Futures,Insurance fund compensation,USDT,-3.9156112,穿仓保证金补偿
471,11351073,2022-05-09 20:00:57,Spot,Deposit,ETH,0.05,
472,11351073,2022-05-10 08:33:06,Spot,Fee,BNB,-0.00023637,
473,11351073,2022-05-10 08:33:06,Spot,Buy,UST,-110.7349,
474,11351073,2022-05-10 08:33:06,Spot,Buy,LUNA,3.07,
475,11351073,2022-05-10 09:57:42,Spot,Withdraw,LUNA,-3.07,Withdraw fee is included
476,11351073,2022-05-11 14:24:06,Spot,Small assets exchange BNB,BNB,0.00040504,
477,11351073,2022-05-11 14:24:06,Spot,Small assets exchange BNB,SLP,-700.0,
478,11351073,2022-05-11 14:24:06,Spot,Small assets exchange BNB,UST,-0.24881494,
479,11351073,2022-05-11 14:24:06,Spot,Small assets exchange BNB,BNB,0.01431552,
480,11351073,2022-05-11 14:38:11,Spot,Sell,USDT,29.55975,
481,11351073,2022-05-11 14:38:11,Spot,Fee,BNB,-7.422e-05,
482,11351073,2022-05-11 14:38:11,Spot,Sell,ETH,-0.0125,
483,11351073,2022-05-11 14:39:33,Spot,Buy,LUNA,8.23,
484,11351073,2022-05-11 14:39:33,Spot,Buy,USDT,-40.279266,
485,11351073,2022-05-11 14:39:33,Spot,Fee,BNB,-0.00010128,
486,11351073,2022-05-12 08:21:30,Spot,Sell,BTC,-0.00459,
487,11351073,2022-05-12 08:21:30,Spot,Sell,USDT,128.7327006,
488,11351073,2022-05-12 08:21:30,Spot,Fee,BNB,-0.00038774,
489,11351073,2022-05-12 08:25:05,Spot,Sell,USDT,71.701125,
490,11351073,2022-05-12 08:25:05,Spot,Fee,BNB,-0.00021798,
491,11351073,2022-05-12 08:25:05,Spot,Sell,ETH,-0.0375,
492,11351073,2022-05-12 18:19:55,Spot,transfer_out,USDT,-200.52891607,
493,11351073,2022-05-12 18:19:55,USDT-Futures,transfer_in,USDT,200.52891607,
494,11351073,2022-05-12 18:25:41,USDT-Futures,Fee,USDT,-0.24968152,
495,11351073,2022-05-12 18:51:33,USDT-Futures,Realize profit and loss,USDT,-3.014,
496,11351073,2022-05-12 18:51:33,USDT-Futures,Fee,USDT,-0.24907872,
497,11351073,2022-05-12 18:57:08,USDT-Futures,Fee,USDT,-0.47537112,
498,11351073,2022-05-12 21:00:19,USDT-Futures,Realize profit and loss,USDT,11.067,
499,11351073,2022-05-12 21:00:19,USDT-Futures,Fee,USDT,-0.47979792,
500,11351073,2022-05-12 21:25:27,USDT-Futures,Fee,USDT,-0.0792568,
501,11351073,2022-05-12 21:25:27,USDT-Futures,Fee,USDT,-0.1471912,
502,11351073,2022-05-12 21:25:27,USDT-Futures,Fee,USDT,-0.0113224,
503,11351073,2022-05-12 21:25:27,USDT-Futures,Fee,USDT,-0.0339672,
504,11351073,2022-05-12 21:25:27,USDT-Futures,Fee,USDT,-0.0679344,
505,11351073,2022-05-12 21:25:27,USDT-Futures,Fee,USDT,-0.169836,
506,11351073,2022-05-12 21:33:29,USDT-Futures,Realize profit and loss,USDT,-9.348,
507,11351073,2022-05-12 21:33:29,USDT-Futures,Fee,USDT,-0.4491568,
508,11351073,2022-05-12 21:33:29,USDT-Futures,Realize profit and loss,USDT,-1.176,
509,11351073,2022-05-12 21:33:29,USDT-Futures,Fee,USDT,-0.0561416,
510,11351073,2022-05-12 21:36:43,USDT-Futures,Fee,USDT,-0.4716096,
511,11351073,2022-05-12 21:46:27,USDT-Futures,Realize profit and loss,USDT,0.31,
512,11351073,2022-05-12 21:46:27,USDT-Futures,Fee,USDT,-0.0113528,
513,11351073,2022-05-12 21:46:27,USDT-Futures,Fee,USDT,-0.01135292,
514,11351073,2022-05-12 21:46:27,USDT-Futures,Realize profit and loss,USDT,0.3103,
515,11351073,2022-05-12 21:46:27,USDT-Futures,Realize profit and loss,USDT,12.368,
516,11351073,2022-05-12 21:46:27,USDT-Futures,Fee,USDT,-0.4540992,
517,11351073,2022-05-12 21:50:51,USDT-Futures,Fee,USDT,-0.04543456,
518,11351073,2022-05-12 21:50:51,USDT-Futures,Fee,USDT,-0.07951047,
519,11351073,2022-05-12 21:50:51,USDT-Futures,Fee,USDT,-0.3975524,
520,11351073,2022-05-12 21:57:28,USDT-Futures,Realize profit and loss,USDT,4.5816,
521,11351073,2022-05-12 21:57:28,USDT-Futures,Fee,USDT,-0.26216504,
522,11351073,2022-05-13 15:05:02,USDT-Futures,Fee,USDT,-0.33090444,
523,11351073,2022-05-13 15:05:02,USDT-Futures,Fee,USDT,-0.1838358,
524,11351073,2022-05-13 15:06:12,USDT-Futures,Realize profit and loss,USDT,1.4235,
525,11351073,2022-05-13 15:06:12,USDT-Futures,Fee,USDT,-0.47854248,
526,11351073,2022-05-13 15:06:12,USDT-Futures,Fee,USDT,-0.01227064,
527,11351073,2022-05-13 15:06:12,USDT-Futures,Fee,USDT,-0.01227064,
528,11351073,2022-05-13 15:06:12,USDT-Futures,Realize profit and loss,USDT,0.0373,
529,11351073,2022-05-13 15:06:12,USDT-Futures,Realize profit and loss,USDT,0.0365,
530,11351073,2022-05-13 15:06:12,USDT-Futures,Realize profit and loss,USDT,0.0373,
531,11351073,2022-05-13 15:06:12,USDT-Futures,Fee,USDT,-0.01227032,
532,11351073,2022-05-13 15:06:37,USDT-Futures,Fee,USDT,-0.41706032,
533,11351073,2022-05-13 15:06:37,USDT-Futures,Fee,USDT,-0.01226552,
534,11351073,2022-05-13 15:06:37,USDT-Futures,Fee,USDT,-0.01226616,
535,11351073,2022-05-13 15:06:37,USDT-Futures,Fee,USDT,-0.07359792,
536,11351073,2022-05-13 16:00:00,USDT-Futures,Funding Fee,USDT,-0.07699417,
537,11351073,2022-05-13 16:34:04,USDT-Futures,Realize profit and loss,USDT,-30.3898,
538,11351073,2022-05-13 16:34:04,USDT-Futures,Fee,USDT,-0.503034,
539,11351073,2022-05-13 16:41:46,USDT-Futures,Fee,USDT,-0.26433176,
540,11351073,2022-05-13 16:41:46,USDT-Futures,Fee,USDT,-0.1802262,
541,11351073,2022-05-13 17:16:25,USDT-Futures,Fee,USDT,-0.44611196,
542,11351073,2022-05-13 17:16:25,USDT-Futures,Realize profit and loss,USDT,3.885,
543,11351073,2022-05-13 17:16:39,USDT-Futures,Fee,USDT,-0.37362688,
544,11351073,2022-05-13 17:16:50,USDT-Futures,Fee,USDT,-0.37266464,
545,11351073,2022-05-13 17:16:50,USDT-Futures,Realize profit and loss,USDT,2.4056,
546,11351073,2022-05-13 18:18:07,USDT-Futures,Fee,USDT,-0.07105632,
547,11351073,2022-05-13 18:18:07,USDT-Futures,Fee,USDT,-0.37896704,
548,11351073,2022-05-13 23:45:58,USDT-Futures,Realize profit and loss,USDT,12.8402,
549,11351073,2022-05-13 23:45:58,USDT-Futures,Fee,USDT,-0.44488728,
550,11351073,2022-05-14 09:40:09,USDT-Futures,Fee,USDT,-0.48198452,
551,11351073,2022-05-14 09:46:14,USDT-Futures,Fee,USDT,-0.48248472,
552,11351073,2022-05-14 09:46:14,USDT-Futures,Realize profit and loss,USDT,1.2505,
553,11351073,2022-05-14 09:50:03,USDT-Futures,Fee,USDT,-0.48180576,
554,11351073,2022-05-14 09:51:18,USDT-Futures,Fee,USDT,-0.02352224,
555,11351073,2022-05-14 09:51:18,USDT-Futures,Realize profit and loss,USDT,-0.3172,
556,11351073,2022-05-14 09:51:18,USDT-Futures,Fee,USDT,-0.15289456,
557,11351073,2022-05-14 09:51:18,USDT-Futures,Fee,USDT,-0.15289456,
558,11351073,2022-05-14 09:51:18,USDT-Futures,Realize profit and loss,USDT,-0.3172,
559,11351073,2022-05-14 09:51:18,USDT-Futures,Realize profit and loss,USDT,-0.3172,
560,11351073,2022-05-14 09:51:18,USDT-Futures,Realize profit and loss,USDT,-0.0488,
561,11351073,2022-05-14 09:51:18,USDT-Futures,Fee,USDT,-0.15289456,
562,11351073,2022-05-14 11:15:31,USDT-Futures,Fee,USDT,-0.11040558,
563,11351073,2022-05-14 11:15:31,USDT-Futures,Fee,USDT,-0.01162164,
564,11351073,2022-05-14 11:15:31,USDT-Futures,Fee,USDT,-0.0290541,
565,11351073,2022-05-14 11:15:31,USDT-Futures,Fee,USDT,-0.0290541,
566,11351073,2022-05-14 11:15:31,USDT-Futures,Fee,USDT,-0.00581082,
567,11351073,2022-05-14 11:17:09,USDT-Futures,Fee,USDT,-0.0581082,
568,11351073,2022-05-14 11:58:15,USDT-Futures,Fee,USDT,-0.48988968,
569,11351073,2022-05-14 11:58:15,USDT-Futures,Realize profit and loss,USDT,4.452,
570,11351073,2022-05-14 15:42:41,USDT-Futures,Fee,USDT,-0.24760088,
571,11351073,2022-05-14 15:47:31,USDT-Futures,Realize profit and loss,USDT,0.2193,
572,11351073,2022-05-14 15:47:31,USDT-Futures,Fee,USDT,-0.49528948,
573,11351073,2022-05-14 16:14:01,USDT-Futures,Fee,USDT,-0.4602704,
574,11351073,2022-05-14 16:14:01,USDT-Futures,Fee,USDT,-0.03452028,
575,11351073,2022-05-14 16:22:03,USDT-Futures,Realize profit and loss,USDT,3.1811,
576,11351073,2022-05-14 16:22:03,USDT-Futures,Realize profit and loss,USDT,2.2014,
577,11351073,2022-05-14 16:22:03,USDT-Futures,Fee,USDT,-0.24369576,
578,11351073,2022-05-14 16:22:03,USDT-Futures,Fee,USDT,-0.15086032,
579,11351073,2022-05-14 16:22:03,USDT-Futures,Realize profit and loss,USDT,5.1345,
580,11351073,2022-05-14 16:22:03,USDT-Futures,Fee,USDT,-0.1044414,
581,11351073,2022-05-14 17:02:14,USDT-Futures,Fee,USDT,-0.515284,
582,11351073,2022-05-14 22:57:12,USDT-Futures,Insurance fund compensation,USDT,-4.60750687,穿仓保证金补偿
583,11351073,2022-05-14 22:57:12,USDT-Futures,Realize profit and loss,USDT,-46.4244,
584,11351073,2022-05-14 22:58:59,USDT-Futures,Fee,USDT,-0.3934125,
585,11351073,2022-05-15 00:00:00,USDT-Futures,Funding Fee,USDT,0.16208123,
586,11351073,2022-05-15 02:38:35,USDT-Futures,Fee,USDT,-0.7733804,
587,11351073,2022-05-15 02:38:35,USDT-Futures,Realize profit and loss,USDT,33.6115,
588,11351073,2022-05-15 08:51:02,USDT-Futures,Fee,USDT,-0.28389792,
589,11351073,2022-05-15 08:51:02,USDT-Futures,Fee,USDT,-0.09463264,
590,11351073,2022-05-15 08:51:02,USDT-Futures,Fee,USDT,-0.08280356,
591,11351073,2022-05-15 08:55:48,USDT-Futures,Fee,USDT,-0.46150884,
592,11351073,2022-05-15 08:55:48,USDT-Futures,Realize profit and loss,USDT,0.43679999,
593,11351073,2022-05-15 08:57:55,USDT-Futures,Fee,USDT,-0.4615104,
594,11351073,2022-05-15 11:31:18,USDT-Futures,Fee,USDT,-0.47006388,
595,11351073,2022-05-15 11:31:18,USDT-Futures,Realize profit and loss,USDT,-21.3837,
596,11351073,2022-05-15 11:47:56,USDT-Futures,Fee,USDT,-0.5429088,
597,11351073,2022-05-15 12:21:55,USDT-Futures,Fee,USDT,-0.549,
598,11351073,2022-05-15 12:21:55,USDT-Futures,Realize profit and loss,USDT,-15.228,
599,11351073,2022-05-15 12:26:14,USDT-Futures,Fee,USDT,-0.64342848,
600,11351073,2022-05-15 13:23:39,USDT-Futures,Realize profit and loss,USDT,0.0989,
601,11351073,2022-05-15 13:23:39,USDT-Futures,Realize profit and loss,USDT,1.1868,
602,11351073,2022-05-15 13:23:39,USDT-Futures,Fee,USDT,-0.0121006,
603,11351073,2022-05-15 13:23:39,USDT-Futures,Realize profit and loss,USDT,3.956,
604,11351073,2022-05-15 13:23:39,USDT-Futures,Fee,USDT,-0.484024,
605,11351073,2022-05-15 13:23:39,USDT-Futures,Fee,USDT,-0.1452072,
606,11351073,2022-05-15 14:42:15,USDT-Futures,Fee,USDT,-0.75443004,
607,11351073,2022-05-15 16:00:00,USDT-Futures,Funding Fee,USDT,-0.17112959,
608,11351073,2022-05-15 16:34:26,USDT-Futures,Fee,USDT,-0.76025628,
609,11351073,2022-05-15 16:34:26,USDT-Futures,Realize profit and loss,USDT,14.5656,
610,11351073,2022-05-16 09:04:54,USDT-Futures,Fee,USDT,-0.5351022,
611,11351073,2022-05-16 09:04:54,USDT-Futures,Fee,USDT,-0.01189116,
612,11351073,2022-05-16 09:04:54,USDT-Futures,Fee,USDT,-0.24971436,
613,11351073,2022-05-16 09:04:54,USDT-Futures,Fee,USDT,-0.01189116,
614,11351073,2022-05-16 11:11:09,USDT-Futures,Fee,USDT,-0.81727024,
615,11351073,2022-05-16 11:11:09,USDT-Futures,Realize profit and loss,USDT,21.6784,
616,11351073,2022-05-16 13:07:12,USDT-Futures,Fee,USDT,-0.67292512,
617,11351073,2022-05-16 15:36:39,USDT-Futures,Realize profit and loss,USDT,-23.752,
618,11351073,2022-05-16 15:36:39,USDT-Futures,Realize profit and loss,USDT,-9.5008,
619,11351073,2022-05-16 15:36:39,USDT-Futures,Fee,USDT,-0.47116,
620,11351073,2022-05-16 15:36:39,USDT-Futures,Fee,USDT,-0.188464,
621,11351073,2022-05-16 15:37:22,USDT-Futures,Fee,USDT,-0.7649746,
622,11351073,2022-05-16 16:00:00,USDT-Futures,Funding Fee,USDT,0.09524789,
623,11351073,2022-05-16 17:09:17,USDT-Futures,Realize profit and loss,USDT,0.20339999,
624,11351073,2022-05-16 17:09:17,USDT-Futures,Realize profit and loss,USDT,0.53109999,
625,11351073,2022-05-16 17:09:17,USDT-Futures,Fee,USDT,-0.55292304,
626,11351073,2022-05-16 17:09:17,USDT-Futures,Fee,USDT,-0.21175776,
627,11351073,2022-05-16 17:10:50,USDT-Futures,Fee,USDT,-0.7520512,
628,11351073,2022-05-17 00:00:00,USDT-Futures,Funding Fee,USDT,0.19113088,
629,11351073,2022-05-17 03:37:33,USDT-Futures,Insurance fund compensation,USDT,-8.35829871,穿仓保证金补偿
630,11351073,2022-05-17 03:37:33,USDT-Futures,Realize profit and loss,USDT,-66.9248,
631,11351073,2022-05-17 08:12:50,USDT-Futures,Fee,USDT,-0.75676208,
632,11351073,2022-05-17 09:25:54,USDT-Futures,Realize profit and loss,USDT,-9.3496,
633,11351073,2022-05-17 09:25:54,USDT-Futures,Fee,USDT,-0.76050192,
634,11351073,2022-05-17 10:41:32,USDT-Futures,Fee,USDT,-0.28023199,
635,11351073,2022-05-17 10:41:32,USDT-Futures,Fee,USDT,-0.036552,
636,11351073,2022-05-17 10:58:02,USDT-Futures,Realize profit and loss,USDT,0.156,
637,11351073,2022-05-17 10:58:02,USDT-Futures,Fee,USDT,-0.31684639,
638,11351073,2022-05-17 11:00:18,USDT-Futures,Fee,USDT,-0.31676423,
639,11351073,2022-05-17 11:01:37,USDT-Futures,Fee,USDT,-0.31670392,
640,11351073,2022-05-17 11:01:37,USDT-Futures,Realize profit and loss,USDT,-0.15079999,
641,11351073,2022-05-17 11:05:37,USDT-Futures,Fee,USDT,-0.01218912,
642,11351073,2022-05-17 11:05:37,USDT-Futures,Fee,USDT,-0.62164512,
643,11351073,2022-05-17 11:20:41,USDT-Futures,Realize profit and loss,USDT,-1.7264,
644,11351073,2022-05-17 11:20:41,USDT-Futures,Fee,USDT,-0.63314368,
645,11351073,2022-05-17 11:22:59,USDT-Futures,Fee,USDT,-0.0121574,
646,11351073,2022-05-17 11:22:59,USDT-Futures,Fee,USDT,-0.5957126,
647,11351073,2022-05-17 14:32:18,USDT-Futures,Realize profit and loss,USDT,0.1864,
648,11351073,2022-05-17 14:32:18,USDT-Futures,Fee,USDT,-0.16915976,
649,11351073,2022-05-17 14:32:18,USDT-Futures,Fee,USDT,-0.01208284,
650,11351073,2022-05-17 14:32:18,USDT-Futures,Realize profit and loss,USDT,2.6096,
651,11351073,2022-05-17 14:32:18,USDT-Futures,Fee,USDT,-0.4228994,
652,11351073,2022-05-17 14:32:18,USDT-Futures,Realize profit and loss,USDT,6.524,
653,11351073,2022-05-17 19:00:44,USDT-Futures,Fee,USDT,-0.67962696,
654,11351073,2022-05-17 19:09:54,USDT-Futures,Realize profit and loss,USDT,19.1463,
655,11351073,2022-05-17 19:09:54,USDT-Futures,Fee,USDT,-0.68728548,
656,11351073,2022-05-18 08:03:30,USDT-Futures,Fee,USDT,-0.43074144,
657,11351073,2022-05-18 15:21:04,USDT-Futures,Realize profit and loss,USDT,-34.6356,
658,11351073,2022-05-18 15:21:04,USDT-Futures,Fee,USDT,-0.4168872,
659,11351073,2022-05-18 15:21:56,USDT-Futures,Fee,USDT,-0.50899024,
660,11351073,2022-05-18 16:00:00,USDT-Futures,Funding Fee,USDT,-0.03688126,
661,11351073,2022-05-18 16:03:20,USDT-Futures,Realize profit and loss,USDT,-1.1008,
662,11351073,2022-05-18 16:03:20,USDT-Futures,Fee,USDT,-0.49698196,
663,11351073,2022-05-18 16:03:20,USDT-Futures,Realize profit and loss,USDT,-0.0256,
664,11351073,2022-05-18 16:03:20,USDT-Futures,Fee,USDT,-0.01155772,
665,11351073,2022-05-18 16:15:57,USDT-Futures,Fee,USDT,-0.48564264,
666,11351073,2022-05-18 17:02:10,USDT-Futures,Fee,USDT,-0.48994848,
667,11351073,2022-05-18 17:02:10,USDT-Futures,Realize profit and loss,USDT,10.7646,
668,11351073,2022-05-18 22:20:46,USDT-Futures,Fee,USDT,-0.59814024,
669,11351073,2022-05-19 00:00:00,USDT-Futures,Funding Fee,USDT,-0.00499132,
670,11351073,2022-05-19 08:00:00,USDT-Futures,Funding Fee,USDT,0.08370288,
671,11351073,2022-05-19 08:06:55,USDT-Futures,Fee,USDT,-0.0581886,
672,11351073,2022-05-19 08:06:55,USDT-Futures,Fee,USDT,-0.4538898,
673,11351073,2022-05-19 08:06:55,USDT-Futures,Fee,USDT,-0.03491316,
674,11351073,2022-05-19 08:06:55,USDT-Futures,Fee,USDT,-0.02327632,
675,11351073,2022-05-19 08:06:55,USDT-Futures,Fee,USDT,-0.01163772,
676,11351073,2022-05-19 08:06:55,USDT-Futures,Realize profit and loss,USDT,0.2256,
677,11351073,2022-05-19 08:06:55,USDT-Futures,Realize profit and loss,USDT,1.1315,
678,11351073,2022-05-19 08:06:55,USDT-Futures,Realize profit and loss,USDT,8.7789,
679,11351073,2022-05-19 08:06:55,USDT-Futures,Fee,USDT,-0.011638,
680,11351073,2022-05-19 08:06:55,USDT-Futures,Realize profit and loss,USDT,0.2263,
681,11351073,2022-05-19 08:06:55,USDT-Futures,Realize profit and loss,USDT,0.6789,
682,11351073,2022-05-19 08:06:55,USDT-Futures,Realize profit and loss,USDT,0.4504,
683,11351073,2022-05-19 09:34:04,USDT-Futures,Fee,USDT,-0.346728,
684,11351073,2022-05-19 10:21:13,USDT-Futures,Realize profit and loss,USDT,-5.406,
685,11351073,2022-05-19 10:21:13,USDT-Futures,Fee,USDT,-0.3488904,
686,11351073,2022-05-19 18:29:45,USDT-Futures,Fee,USDT,-0.27805896,
687,11351073,2022-05-19 19:50:25,USDT-Futures,Realize profit and loss,USDT,5.3475,
688,11351073,2022-05-19 19:50:25,USDT-Futures,Fee,USDT,-0.27591996,
689,11351073,2022-05-19 20:56:34,USDT-Futures,Fee,USDT,-0.3381952,
690,11351073,2022-05-20 00:00:00,USDT-Futures,Funding Fee,USDT,0.08488979,
691,11351073,2022-05-20 01:38:47,USDT-Futures,Fee,USDT,-0.34240752,
692,11351073,2022-05-20 01:38:47,USDT-Futures,Realize profit and loss,USDT,-10.5308,
693,11351073,2022-05-20 11:17:40,USDT-Futures,Fee,USDT,-0.56910796,
694,11351073,2022-05-20 14:48:44,USDT-Futures,Fee,USDT,-0.4164706,
695,11351073,2022-05-20 14:48:44,USDT-Futures,Fee,USDT,-0.14278991,
696,11351073,2022-05-20 14:48:44,USDT-Futures,Realize profit and loss,USDT,18.333,
697,11351073,2022-05-20 14:48:44,USDT-Futures,Realize profit and loss,USDT,6.2856,
698,11351073,2022-05-23 09:20:07,USDT-Futures,Fee,USDT,-0.40033224,
699,11351073,2022-05-23 10:46:22,USDT-Futures,Realize profit and loss,USDT,-5.0853,
700,11351073,2022-05-23 10:46:22,USDT-Futures,Fee,USDT,-0.40236636,
701,11351073,2022-05-23 12:48:35,USDT-Futures,Fee,USDT,-0.38961408,
702,11351073,2022-05-23 13:11:57,USDT-Futures,Realize profit and loss,USDT,-0.0448,
703,11351073,2022-05-23 13:11:57,USDT-Futures,Fee,USDT,-0.389632,
704,11351073,2022-05-23 13:15:48,USDT-Futures,Fee,USDT,-0.37709144,
705,11351073,2022-05-23 16:00:00,USDT-Futures,Funding Fee,USDT,0.0941238,
706,11351073,2022-05-23 19:01:15,USDT-Futures,Fee,USDT,-0.34492716,
707,11351073,2022-05-23 20:39:23,USDT-Futures,Realize profit and loss,USDT,25.33035833,
708,11351073,2022-05-23 20:39:23,USDT-Futures,Fee,USDT,-0.3394972,
709,11351073,2022-05-23 20:39:23,USDT-Futures,Realize profit and loss,USDT,23.69614166,
710,11351073,2022-05-23 20:39:23,USDT-Futures,Fee,USDT,-0.3629108,
711,11351073,2022-05-24 08:17:38,Spot,Deposit,UST,383.0,
712,11351073,2022-05-24 09:22:24,USDT-Futures,Fee,USDT,-0.01170616,
713,11351073,2022-05-24 09:22:24,USDT-Futures,Fee,USDT,-0.04682464,
714,11351073,2022-05-24 09:22:24,USDT-Futures,Fee,USDT,-0.52677719,
715,11351073,2022-05-24 09:22:24,USDT-Futures,Fee,USDT,-0.01170616,
716,11351073,2022-05-24 14:06:13,USDT-Futures,Realize profit and loss,USDT,-18.7578,
717,11351073,2022-05-24 14:06:13,USDT-Futures,Fee,USDT,-0.58951104,
718,11351073,2022-05-24 17:36:05,USDT-Futures,Fee,USDT,-0.50287984,
719,11351073,2022-05-24 19:28:12,USDT-Futures,Fee,USDT,-0.50468068,
720,11351073,2022-05-24 19:28:12,USDT-Futures,Realize profit and loss,USDT,4.5021,
721,11351073,2022-05-24 20:01:36,USDT-Futures,Fee,USDT,-0.517088,
722,11351073,2022-05-25 00:00:00,USDT-Futures,Funding Fee,USDT,0.0479849,
723,11351073,2022-05-25 02:51:45,USDT-Futures,Fee,USDT,-0.5302968,
724,11351073,2022-05-25 02:51:45,USDT-Futures,Realize profit and loss,USDT,-33.022,
725,11351073,2022-05-25 08:10:20,USDT-Futures,Fee,USDT,-0.534969,
726,11351073,2022-05-25 14:00:55,USDT-Futures,Realize profit and loss,USDT,0.8235,
727,11351073,2022-05-25 14:00:55,USDT-Futures,Fee,USDT,-0.5346396,
728,11351073,2022-05-25 16:21:08,USDT-Futures,Fee,USDT,-0.3548388,
729,11351073,2022-05-26 00:00:00,USDT-Futures,Funding Fee,USDT,0.06659957,
730,11351073,2022-05-26 08:00:00,USDT-Futures,Funding Fee,USDT,0.08914858,
731,11351073,2022-05-26 09:12:25,USDT-Futures,Fee,USDT,-0.3482424,
732,11351073,2022-05-26 09:12:25,USDT-Futures,Realize profit and loss,USDT,16.491,
733,11351073,2022-05-26 11:32:04,USDT-Futures,Fee,USDT,-0.24424596,
734,11351073,2022-05-26 11:32:04,USDT-Futures,Fee,USDT,-0.61643028,
735,11351073,2022-05-26 13:13:00,USDT-Futures,Fee,USDT,-0.8523616,
736,11351073,2022-05-26 13:13:00,USDT-Futures,Realize profit and loss,USDT,20.7866,
737,11351073,2022-05-27 13:08:36,USDT-Futures,Fee,USDT,-0.5255244,
738,11351073,2022-05-27 14:36:13,USDT-Futures,Fee,USDT,-0.52243019,
739,11351073,2022-05-27 14:36:13,USDT-Futures,Realize profit and loss,USDT,7.7355,
740,11351073,2022-05-28 08:39:31,USDT-Futures,Fee,USDT,-1.1070528,
741,11351073,2022-05-28 08:45:55,USDT-Futures,Fee,USDT,-1.10909952,
742,11351073,2022-05-28 08:45:55,USDT-Futures,Realize profit and loss,USDT,5.1168,
743,11351073,2022-05-28 08:47:07,USDT-Futures,Fee,USDT,-1.15492,
744,11351073,2022-05-28 08:51:01,USDT-Futures,Fee,USDT,-1.154256,
745,11351073,2022-05-28 08:51:01,USDT-Futures,Realize profit and loss,USDT,1.66,
746,11351073,2022-05-29 10:45:35,USDT-Futures,Fee,USDT,-1.1413864,
747,11351073,2022-05-29 11:02:02,USDT-Futures,Realize profit and loss,USDT,-5.978,
748,11351073,2022-05-29 11:02:02,USDT-Futures,Fee,USDT,-1.1437776,
749,11351073,2022-05-29 19:10:03,USDT-Futures,Fee,USDT,-0.47746796,
750,11351073,2022-05-29 19:10:03,USDT-Futures,Fee,USDT,-0.57063244,
751,11351073,2022-05-29 22:23:05,USDT-Futures,Fee,USDT,-0.56275776,
752,11351073,2022-05-29 22:23:05,USDT-Futures,Fee,USDT,-0.49241304,
753,11351073,2022-05-29 22:23:05,USDT-Futures,Realize profit and loss,USDT,8.2488,
754,11351073,2022-05-29 22:23:05,USDT-Futures,Realize profit and loss,USDT,9.4272,
755,11351073,2022-05-30 01:08:45,Spot,Distribution,LUNA,3.777e-05,
756,11351073,2022-05-30 09:30:32,USDT-Futures,Fee,USDT,-0.03679968,
757,11351073,2022-05-30 09:30:32,USDT-Futures,Fee,USDT,-0.25759776,
758,11351073,2022-05-30 09:48:30,USDT-Futures,Fee,USDT,-0.920721,
759,11351073,2022-05-30 16:00:00,USDT-Futures,Funding Fee,USDT,0.30313398,
760,11351073,2022-05-30 21:18:06,USDT-Futures,Realize profit and loss,USDT,-88.67339999,
761,11351073,2022-05-30 21:18:06,USDT-Futures,Fee,USDT,-1.25058779,
762,11351073,2022-05-30 21:29:28,USDT-Futures,Fee,USDT,-0.317285,
763,11351073,2022-05-30 21:57:38,USDT-Futures,Realize profit and loss,USDT,-1.5625,
764,11351073,2022-05-30 21:57:38,USDT-Futures,Fee,USDT,-0.31791,
765,11351073,2022-05-30 22:00:48,USDT-Futures,Fee,USDT,-0.29301632,
766,11351073,2022-05-31 00:00:00,USDT-Futures,Funding Fee,USDT,-0.07297321,
767,11351073,2022-05-31 02:16:36,Spot,Distribution,LUNA,2.7056652,
768,11351073,2022-05-31 08:00:00,USDT-Futures,Funding Fee,USDT,-0.0726132,
769,11351073,2022-05-31 16:00:00,USDT-Futures,Funding Fee,USDT,-0.07371089,
770,11351073,2022-05-31 18:13:08,Spot,Deposit,LUNA,5.687496,
