User_ID,UTC_Time,Account,Operation,Coin,Change,Remark
11233391,2017-11-22 14:31:53,Spot,Deposit,QSP,4148.00000000,""
11233391,2017-11-22 23:47:19,Spot,Commission History,POWR,0.15000000,""
11233391,2017-11-28 15:17:13,Spot,Deposit,ETH,5.00000000,""
11233391,2017-11-28 15:19:55,Spot,Fee,IOTA,-0.04700000,""
11233391,2017-11-28 15:19:55,Spot,Buy,IOTA,39.00000000,""
11233391,2017-11-28 15:19:55,Spot,Fee,IOTA,-0.06700000,""
11233391,2017-11-28 15:19:55,Spot,Fee,IOTA,-0.49900000,""
11233391,2017-11-28 15:19:55,Spot,Buy,IOTA,67.00000000,""
11233391,2017-11-28 15:19:55,Spot,Transaction Related,ETH,-0.10744500,""
11233391,2017-11-28 15:19:55,Spot,Buy,IOTA,137.00000000,""
11233391,2017-11-28 15:19:55,Spot,Transaction Related,ETH,-0.37949000,""
11233391,2017-11-28 15:19:55,Spot,Fee,IOTA,-0.13700000,""
11233391,2017-11-28 15:19:55,Spot,Buy,IOTA,499.00000000,""
11233391,2017-11-28 15:19:55,Spot,Buy,IOTA,150.00000000,""
11233391,2017-11-28 15:19:55,Spot,Transaction Related,ETH,-0.41248950,""
11233391,2017-11-28 15:19:55,Spot,Fee,IOTA,-0.15000000,""
11233391,2017-11-28 15:19:55,Spot,Transaction Related,ETH,-1.38220505,""
11233391,2017-11-28 15:19:55,Spot,Buy,IOTA,47.00000000,""
11233391,2017-11-28 15:19:55,Spot,Fee,IOTA,-0.03900000,""
11233391,2017-11-28 15:19:55,Spot,Transaction Related,ETH,-0.18558866,""
11233391,2017-11-28 15:19:55,Spot,Transaction Related,ETH,-0.13018812,""
11233391,2017-11-28 15:19:56,Spot,Buy,IOTA,41.00000000,""
11233391,2017-11-28 15:19:56,Spot,Fee,IOTA,-0.02000000,""
11233391,2017-11-28 15:19:56,Spot,Transaction Related,ETH,-0.11378320,""
11233391,2017-11-28 15:19:56,Spot,Fee,IOTA,-0.04100000,""
11233391,2017-11-28 15:19:56,Spot,Transaction Related,ETH,-0.05540000,""
11233391,2017-11-28 15:19:56,Spot,Buy,IOTA,20.00000000,""
11233391,2017-11-29 02:58:42,Spot,Buy,QSP,5852.00000000,""
11233391,2017-11-29 02:58:42,Spot,Transaction Related,ETH,-1.60930000,""
11233391,2017-11-29 02:58:43,Spot,Fee,QSP,-5.85200000,""
11233391,2017-11-29 03:02:31,Spot,Commission History,QSP,0.00500000,""
11233391,2017-11-29 03:04:14,Spot,Commission History,QSP,0.00050000,""
11233391,2017-11-29 03:26:30,Spot,Withdraw,QSP,-9994.14800000,Withdraw fee is included
11233391,2017-11-29 18:06:13,Spot,Commission History,QSP,0.05000000,""
11233391,2017-11-29 18:06:14,Spot,Commission History,QSP,0.30800000,""
11233391,2017-11-29 18:25:49,Spot,Commission History,ETH,0.00011767,""
11233391,2017-11-29 20:07:15,Spot,Commission History,POWR,0.10050000,""
11233391,2017-12-04 15:21:35,Spot,Fee,BTC,-0.00003533,""
11233391,2017-12-04 15:21:35,Spot,Transaction Related,IOTA,-348.00000000,""
11233391,2017-12-04 15:21:35,Spot,Buy,BTC,0.08143200,""
11233391,2017-12-04 15:21:35,Spot,Transaction Related,IOTA,-151.00000000,""
11233391,2017-12-04 15:21:35,Spot,Buy,BTC,0.03533400,""
11233391,2017-12-04 15:21:35,Spot,Fee,BTC,-0.00008143,""
11233391,2017-12-12 07:14:43,Spot,Transaction Related,IOTA,-500.00000000,""
11233391,2017-12-12 07:14:43,Spot,Buy,BTC,0.14500000,""
11233391,2017-12-12 07:14:43,Spot,Fee,BTC,-0.00014500,""
11233391,2017-12-13 04:25:11,Spot,Distribution,BCX,2615.04240000,""
11233391,2017-12-13 11:19:41,Spot,Distribution,SBTC,0.26150424,""
11233391,2017-12-13 14:14:28,Spot,Transaction Related,BTC,-0.03285480,""
11233391,2017-12-13 14:14:28,Spot,Buy,IOTA,58.00000000,""
11233391,2017-12-13 14:14:28,Spot,Fee,IOTA,-0.03000000,""
11233391,2017-12-13 14:14:28,Spot,Fee,IOTA,-0.14000000,""
11233391,2017-12-13 14:14:28,Spot,Fee,IOTA,-0.13200000,""
11233391,2017-12-13 14:14:28,Spot,Fee,IOTA,-0.05800000,""
11233391,2017-12-13 14:14:28,Spot,Transaction Related,BTC,-0.00745500,""
11233391,2017-12-13 14:14:28,Spot,Buy,IOTA,30.00000000,""
11233391,2017-12-13 14:14:28,Spot,Transaction Related,BTC,-0.03481100,""
11233391,2017-12-13 14:14:28,Spot,Fee,IOTA,-0.09200000,""
11233391,2017-12-13 14:14:28,Spot,Buy,IOTA,92.00000000,""
11233391,2017-12-13 14:14:28,Spot,Buy,IOTA,140.00000000,""
11233391,2017-12-13 14:14:28,Spot,Buy,IOTA,132.00000000,""
11233391,2017-12-13 14:14:28,Spot,Transaction Related,BTC,-0.01443620,""
11233391,2017-12-13 14:14:28,Spot,Transaction Related,BTC,-0.02286200,""
11233391,2017-12-13 14:14:29,Spot,Fee,IOTA,-0.03100000,""
11233391,2017-12-13 14:14:29,Spot,Buy,IOTA,17.00000000,""
11233391,2017-12-13 14:14:29,Spot,Buy,IOTA,31.00000000,""
11233391,2017-12-13 14:14:29,Spot,Fee,IOTA,-0.01700000,""
11233391,2017-12-13 14:14:29,Spot,Transaction Related,BTC,-0.00423147,""
11233391,2017-12-13 14:14:29,Spot,Transaction Related,BTC,-0.00771900,""
11233391,2017-12-13 14:17:14,Spot,Buy,IOTA,264.00000000,""
11233391,2017-12-13 14:17:14,Spot,Transaction Related,BTC,-0.01002840,""
11233391,2017-12-13 14:17:14,Spot,Transaction Related,BTC,-0.06615576,""
11233391,2017-12-13 14:17:14,Spot,Buy,IOTA,40.00000000,""
11233391,2017-12-13 14:17:14,Spot,Fee,IOTA,-0.26400000,""
11233391,2017-12-13 14:17:14,Spot,Fee,IOTA,-0.00300000,""
11233391,2017-12-13 14:17:14,Spot,Buy,IOTA,3.00000000,""
11233391,2017-12-13 14:17:14,Spot,Transaction Related,BTC,-0.03352278,""
11233391,2017-12-13 14:17:14,Spot,Fee,IOTA,-0.04000000,""
11233391,2017-12-13 14:17:14,Spot,Buy,IOTA,134.00000000,""
11233391,2017-12-13 14:17:14,Spot,Fee,IOTA,-0.06000000,""
11233391,2017-12-13 14:17:14,Spot,Fee,IOTA,-0.13400000,""
11233391,2017-12-13 14:17:14,Spot,Transaction Related,BTC,-0.00075231,""
11233391,2017-12-13 14:17:14,Spot,Transaction Related,BTC,-0.01501020,""
11233391,2017-12-13 14:17:14,Spot,Buy,IOTA,60.00000000,""
11233391,2017-12-13 14:40:52,Spot,Buy,IOTA,45.00000000,""
11233391,2017-12-13 14:40:52,Spot,Fee,IOTA,-0.04500000,""
11233391,2017-12-13 14:40:52,Spot,Transaction Related,ETH,-0.26973000,""
11233391,2017-12-13 14:40:52,Spot,Transaction Related,ETH,-0.32945000,""
11233391,2017-12-13 14:40:52,Spot,Fee,IOTA,-0.05500000,""
11233391,2017-12-13 14:40:52,Spot,Buy,IOTA,55.00000000,""
11233391,2017-12-16 20:15:44,Spot,Deposit,ETH,10.00250000,""
11233391,2017-12-17 01:48:00,Spot,Buy,QSP,39.00000000,""
11233391,2017-12-17 01:48:00,Spot,Transaction Related,ETH,-0.01014000,""
11233391,2017-12-17 01:48:00,Spot,Fee,QSP,-0.03900000,""
11233391,2017-12-17 02:08:13,Spot,Buy,QSP,20000.00000000,""
11233391,2017-12-17 02:08:13,Spot,Transaction Related,ETH,-5.56740000,""
11233391,2017-12-17 02:08:13,Spot,Fee,QSP,-20.00000000,""
11233391,2017-12-17 02:10:13,Spot,Transaction Related,ETH,-0.54012000,""
11233391,2017-12-17 02:10:13,Spot,Buy,QSP,1832.00000000,""
11233391,2017-12-17 02:10:13,Spot,Buy,QSP,2222.00000000,""
11233391,2017-12-17 02:10:13,Spot,Fee,QSP,-1.92900000,""
11233391,2017-12-17 02:10:13,Spot,Buy,QSP,1929.00000000,""
11233391,2017-12-17 02:10:13,Spot,Fee,QSP,-2.22200000,""
11233391,2017-12-17 02:10:13,Spot,Transaction Related,ETH,-0.51296000,""
11233391,2017-12-17 02:10:13,Spot,Fee,QSP,-2.22200000,""
11233391,2017-12-17 02:10:13,Spot,Transaction Related,ETH,-0.62216000,""
11233391,2017-12-17 02:10:13,Spot,Transaction Related,ETH,-0.62216000,""
11233391,2017-12-17 02:10:13,Spot,Buy,QSP,2222.00000000,""
11233391,2017-12-17 02:10:13,Spot,Fee,QSP,-1.83200000,""
11233391,2017-12-17 02:10:14,Spot,Fee,QSP,-4.39200000,""
11233391,2017-12-17 02:10:14,Spot,Fee,QSP,-0.51000000,""
11233391,2017-12-17 02:10:14,Spot,Buy,QSP,4392.00000000,""
11233391,2017-12-17 02:10:14,Spot,Transaction Related,ETH,-0.14280000,""
11233391,2017-12-17 02:10:14,Spot,Transaction Related,ETH,-1.22976000,""
11233391,2017-12-17 02:10:14,Spot,Buy,QSP,510.00000000,""
11233391,2017-12-17 02:10:15,Spot,Fee,QSP,-0.33600000,""
11233391,2017-12-17 02:10:15,Spot,Buy,QSP,510.00000000,""
11233391,2017-12-17 02:10:15,Spot,Buy,QSP,1939.00000000,""
11233391,2017-12-17 02:10:15,Spot,Transaction Related,ETH,-0.54292000,""
11233391,2017-12-17 02:10:15,Spot,Fee,QSP,-0.51000000,""
11233391,2017-12-17 02:10:15,Spot,Fee,QSP,-1.93900000,""
11233391,2017-12-17 02:10:15,Spot,Transaction Related,ETH,-0.14280000,""
11233391,2017-12-17 02:10:15,Spot,Transaction Related,ETH,-0.09408000,""
11233391,2017-12-17 02:10:15,Spot,Buy,QSP,336.00000000,""
11233391,2017-12-17 02:15:21,Spot,Fee,TRX,-0.12800000,""
11233391,2017-12-17 02:15:21,Spot,Buy,TRX,128.00000000,""
11233391,2017-12-17 02:15:21,Spot,Transaction Related,BTC,-0.00025600,""
11233391,2017-12-17 02:15:22,Spot,Buy,TRX,1309.00000000,""
11233391,2017-12-17 02:15:22,Spot,Buy,TRX,4395.00000000,""
11233391,2017-12-17 02:15:22,Spot,Fee,TRX,-1.30900000,""
11233391,2017-12-17 02:15:22,Spot,Transaction Related,BTC,-0.00261800,""
11233391,2017-12-17 02:15:22,Spot,Transaction Related,BTC,-0.00879000,""
11233391,2017-12-17 02:15:22,Spot,Fee,TRX,-4.39500000,""
11233391,2017-12-17 12:00:08,Spot,Distribution,ETF,0.02504814,""
11233391,2017-12-18 09:45:09,Spot,Fee,BTC,-0.00005574,""
11233391,2017-12-18 09:45:09,Spot,Transaction Related,IOTA,-274.00000000,""
11233391,2017-12-18 09:45:09,Spot,Buy,BTC,0.05573708,""
11233391,2017-12-18 09:45:10,Spot,Transaction Related,IOTA,-30.00000000,""
11233391,2017-12-18 09:45:10,Spot,Buy,BTC,0.15112620,""
11233391,2017-12-18 09:45:10,Spot,Transaction Related,IOTA,-743.00000000,""
11233391,2017-12-18 09:45:10,Spot,Buy,BTC,0.01057784,""
11233391,2017-12-18 09:45:10,Spot,Fee,BTC,-0.00001058,""
11233391,2017-12-18 09:45:10,Spot,Fee,BTC,-0.00015113,""
11233391,2017-12-18 09:45:10,Spot,Fee,BTC,-0.00000610,""
11233391,2017-12-18 09:45:10,Spot,Buy,BTC,0.00610230,""
11233391,2017-12-18 09:45:10,Spot,Transaction Related,IOTA,-52.00000000,""
11233391,2017-12-18 09:46:57,Spot,Buy,ETH,0.30200000,""
11233391,2017-12-18 09:46:57,Spot,Transaction Related,BTC,-0.09112521,""
11233391,2017-12-18 09:46:57,Spot,Fee,ETH,-0.00239400,""
11233391,2017-12-18 09:46:57,Spot,Fee,ETH,-0.00030200,""
11233391,2017-12-18 09:46:57,Spot,Transaction Related,BTC,-0.01149532,""
11233391,2017-12-18 09:46:57,Spot,Buy,ETH,2.39400000,""
11233391,2017-12-18 09:47:19,Spot,Fee,ETH,-0.00051000,""
11233391,2017-12-18 09:47:19,Spot,Transaction Related,BTC,-0.01941264,""
11233391,2017-12-18 09:47:19,Spot,Buy,ETH,0.51000000,""
11233391,2017-12-18 09:47:26,Spot,Transaction Related,BTC,-0.02295259,""
11233391,2017-12-18 09:47:26,Spot,Fee,ETH,-0.00060300,""
11233391,2017-12-18 09:47:26,Spot,Buy,ETH,0.60300000,""
11233391,2017-12-18 09:47:29,Spot,Fee,ETH,-0.00030000,""
11233391,2017-12-18 09:47:29,Spot,Buy,ETH,0.30000000,""
11233391,2017-12-18 09:47:29,Spot,Transaction Related,BTC,-0.01141920,""
11233391,2017-12-18 09:47:32,Spot,Buy,ETH,0.99100000,""
11233391,2017-12-18 09:47:32,Spot,Transaction Related,BTC,-0.03772142,""
11233391,2017-12-18 09:47:32,Spot,Fee,ETH,-0.00099100,""
11233391,2017-12-18 09:56:22,Spot,Fee,ICX,-0.25000000,""
11233391,2017-12-18 09:56:22,Spot,Buy,ICX,250.00000000,""
11233391,2017-12-18 09:56:22,Spot,Transaction Related,BTC,-0.02800000,""
11233391,2017-12-18 09:59:06,Spot,Fee,ICX,-0.24684000,""
11233391,2017-12-18 09:59:06,Spot,Fee,ICX,-0.50316000,""
11233391,2017-12-18 09:59:06,Spot,Transaction Related,ETH,-1.45916400,""
11233391,2017-12-18 09:59:06,Spot,Buy,ICX,503.16000000,""
11233391,2017-12-18 09:59:06,Spot,Buy,ICX,246.84000000,""
11233391,2017-12-18 09:59:06,Spot,Transaction Related,ETH,-0.72570960,""
11233391,2017-12-19 05:32:51,Spot,Deposit,BTC,0.19900000,""
11233391,2017-12-19 05:37:27,Spot,Withdraw,ETH,-2.01000000,Withdraw fee is included
11233391,2017-12-19 05:38:08,Spot,Fee,BTC,-0.00005825,""
11233391,2017-12-19 05:38:08,Spot,Transaction Related,ICX,-423.67000000,""
11233391,2017-12-19 05:38:08,Spot,Buy,BTC,0.05825462,""
11233391,2017-12-19 05:38:09,Spot,Fee,BTC,-0.00000498,""
11233391,2017-12-19 05:38:09,Spot,Buy,BTC,0.00498162,""
11233391,2017-12-19 05:38:09,Spot,Transaction Related,ICX,-36.23000000,""
11233391,2017-12-19 05:38:11,Spot,Transaction Related,ICX,-39.10000000,""
11233391,2017-12-19 05:38:11,Spot,Fee,BTC,-0.00000538,""
11233391,2017-12-19 05:38:11,Spot,Buy,BTC,0.00537625,""
11233391,2017-12-19 06:20:21,Spot,Deposit,ETH,1.99900000,""
11233391,2017-12-19 06:23:36,Spot,Transaction Related,ETH,-1.40000000,""
11233391,2017-12-19 06:23:36,Spot,Buy,OST,2500.00000000,""
11233391,2017-12-19 06:23:36,Spot,Fee,OST,-2.50000000,""
11233391,2017-12-19 08:28:25,Spot,Buy,ETH,0.01702400,""
11233391,2017-12-19 08:28:25,Spot,Transaction Related,ICX,-493.92000000,""
11233391,2017-12-19 08:28:25,Spot,Transaction Related,ICX,-6.08000000,""
11233391,2017-12-19 08:28:25,Spot,Fee,ETH,-0.00138298,""
11233391,2017-12-19 08:28:25,Spot,Buy,ETH,1.38297600,""
11233391,2017-12-19 08:28:25,Spot,Fee,ETH,-0.00001702,""
11233391,2017-12-19 09:52:08,Spot,Buy,ETH,2.65000000,""
11233391,2017-12-19 09:52:08,Spot,Transaction Related,BTC,-0.12097250,""
11233391,2017-12-19 09:52:08,Spot,Fee,ETH,-0.00265000,""
11233391,2017-12-19 09:58:12,Spot,Fee,BNB,-0.21700000,""
11233391,2017-12-19 09:58:12,Spot,Buy,BNB,434.00000000,""
11233391,2017-12-19 09:58:12,Spot,Transaction Related,BTC,-0.14669200,""
11233391,2017-12-19 09:58:44,Spot,Buy,BNB,3.00000000,""
11233391,2017-12-19 09:58:44,Spot,Transaction Related,BTC,-0.00101400,""
11233391,2017-12-19 09:58:44,Spot,Fee,BNB,-0.00150000,""
11233391,2017-12-19 11:01:35,Spot,Fee,BNB,-0.23685622,""
11233391,2017-12-19 11:01:35,Spot,Buy,BTC,0.15895000,""
11233391,2017-12-19 11:01:35,Spot,Transaction Related,QSP,-15895.00000000,""
11233391,2017-12-19 11:06:36,Spot,Fee,BNB,-0.23390441,""
11233391,2017-12-19 11:06:36,Spot,Transaction Related,BTC,-0.15899100,""
11233391,2017-12-19 11:06:36,Spot,Buy,OST,7571.00000000,""
11233391,2017-12-19 11:21:30,Spot,Fee,BNB,-0.05243698,""
11233391,2017-12-19 11:21:30,Spot,Transaction Related,QSP,-3631.37000000,""
11233391,2017-12-19 11:21:30,Spot,Buy,BNB,104.87396560,""
11233391,2017-12-19 12:00:15,Spot,First come first served Purchase,ETH,-5.54443890,""
11233391,2017-12-19 12:02:41,Spot,First come first served Purchase,BNB,-541.05000000,""
11233391,2017-12-21 00:34:01,Spot,Deposit,BTC,0.40485000,""
11233391,2017-12-21 01:01:57,Spot,Fee,BNB,-0.04800640,""
11233391,2017-12-21 01:01:57,Spot,Transaction Related,BTC,-0.03000000,""
11233391,2017-12-21 01:01:57,Spot,Buy,TRX,10000.00000000,""
11233391,2017-12-21 05:13:33,Spot,Fee,IOTA,-0.11400000,""
11233391,2017-12-21 05:13:33,Spot,Buy,IOTA,114.00000000,""
11233391,2017-12-21 05:13:33,Spot,Transaction Related,BTC,-0.03409284,""
11233391,2017-12-21 05:13:33,Spot,Buy,IOTA,5.00000000,""
11233391,2017-12-21 05:13:33,Spot,Fee,BNB,-0.00233730,""
11233391,2017-12-21 05:13:33,Spot,Transaction Related,BTC,-0.00149530,""
11233391,2017-12-21 05:13:40,Spot,Transaction Related,BTC,-0.00747650,""
11233391,2017-12-21 05:13:40,Spot,Fee,BNB,-0.01168203,""
11233391,2017-12-21 05:13:40,Spot,Buy,IOTA,25.00000000,""
11233391,2017-12-21 05:13:48,Spot,Buy,IOTA,50.00000000,""
11233391,2017-12-21 05:13:48,Spot,Fee,IOTA,-0.05000000,""
11233391,2017-12-21 05:13:48,Spot,Transaction Related,BTC,-0.01495300,""
11233391,2017-12-21 05:13:49,Spot,Fee,IOTA,-0.30600000,""
11233391,2017-12-21 05:13:49,Spot,Transaction Related,BTC,-0.09151236,""
11233391,2017-12-21 05:13:49,Spot,Buy,IOTA,306.00000000,""
11233391,2017-12-21 07:16:43,Spot,Fee,ICX,-0.50000000,""
11233391,2017-12-21 07:16:43,Spot,Transaction Related,BTC,-0.07500000,""
11233391,2017-12-21 07:16:43,Spot,Buy,ICX,500.00000000,""
11233391,2017-12-21 08:38:36,Spot,Distribution,BRD,4990.00000000,""
11233391,2017-12-21 08:38:36,Spot,Distribution,BRD,3607.00000000,""
11233391,2017-12-21 08:52:47,Spot,Transaction Related,BTC,-0.03399000,""
11233391,2017-12-21 08:52:47,Spot,Fee,AION,-0.01133000,""
11233391,2017-12-21 08:52:47,Spot,Buy,AION,11.33000000,""
11233391,2017-12-21 08:57:27,Spot,Transaction Related,AION,-0.10000000,""
11233391,2017-12-21 08:57:27,Spot,Buy,BTC,0.00035000,""
11233391,2017-12-21 08:57:27,Spot,Fee,BNB,-0.00051979,""
11233391,2017-12-21 08:57:30,Spot,Fee,BTC,-0.00002870,""
11233391,2017-12-21 08:57:30,Spot,Transaction Related,AION,-8.20000000,""
11233391,2017-12-21 08:57:30,Spot,Buy,BTC,0.02870000,""
11233391,2017-12-21 08:57:31,Spot,Fee,BNB,-0.00051979,""
11233391,2017-12-21 08:57:31,Spot,Buy,BTC,0.00035000,""
11233391,2017-12-21 08:57:31,Spot,Transaction Related,AION,-0.10000000,""
11233391,2017-12-21 08:57:32,Spot,Transaction Related,AION,-2.91000000,""
11233391,2017-12-21 08:57:32,Spot,Fee,BNB,-0.01556336,""
11233391,2017-12-21 08:57:32,Spot,Buy,BTC,0.01018500,""
11233391,2017-12-21 09:07:58,Spot,Buy,AION,145.44000000,""
11233391,2017-12-21 09:07:58,Spot,Fee,AION,-0.14544000,""
11233391,2017-12-21 09:07:58,Spot,Transaction Related,BTC,-0.05090400,""
11233391,2017-12-21 09:09:26,Spot,Fee,BTC,-0.00005460,""
11233391,2017-12-21 09:09:26,Spot,Buy,BTC,0.05459970,""
11233391,2017-12-21 09:09:26,Spot,Transaction Related,TRX,-15826.00000000,""
11233391,2017-12-21 09:18:06,Spot,Transaction Related,AION,-145.30000000,""
11233391,2017-12-21 09:18:06,Spot,Fee,BTC,-0.00005812,""
11233391,2017-12-21 09:18:06,Spot,Buy,BTC,0.05812000,""
11233391,2017-12-21 09:25:15,Spot,Fee,AION,-0.16043000,""
11233391,2017-12-21 09:25:15,Spot,Transaction Related,BTC,-0.04812900,""
11233391,2017-12-21 09:25:15,Spot,Transaction Related,BTC,-0.00641700,""
11233391,2017-12-21 09:25:15,Spot,Fee,AION,-0.02070000,""
11233391,2017-12-21 09:25:15,Spot,Buy,AION,160.43000000,""
11233391,2017-12-21 09:25:15,Spot,Buy,AION,20.70000000,""
11233391,2017-12-21 09:32:38,Spot,Fee,AION,-0.21504000,""
11233391,2017-12-21 09:32:38,Spot,Buy,AION,215.04000000,""
11233391,2017-12-21 09:32:38,Spot,Transaction Related,BTC,-0.05806080,""
11233391,2017-12-21 09:53:04,Spot,Fee,AION,-0.03246000,""
11233391,2017-12-21 09:53:04,Spot,Buy,AION,32.46000000,""
11233391,2017-12-21 09:53:04,Spot,Fee,AION,-0.37139000,""
11233391,2017-12-21 09:53:04,Spot,Buy,AION,371.39000000,""
11233391,2017-12-21 09:53:04,Spot,Transaction Related,BTC,-0.00843960,""
11233391,2017-12-21 09:53:04,Spot,Transaction Related,BTC,-0.09656140,""
11233391,2017-12-23 22:44:31,Spot,Buy,BTC,0.08279700,""
11233391,2017-12-23 22:44:31,Spot,Fee,BTC,-0.00008280,""
11233391,2017-12-23 22:44:31,Spot,Transaction Related,QSP,-6369.00000000,""
11233391,2017-12-24 05:01:19,Spot,Fee,ETH,-0.00078750,""
11233391,2017-12-24 05:01:19,Spot,Buy,ETH,0.26250000,""
11233391,2017-12-24 05:01:19,Spot,Transaction Related,BRD,-125.00000000,""
11233391,2017-12-24 05:01:19,Spot,Fee,ETH,-0.00026250,""
11233391,2017-12-24 05:01:19,Spot,Buy,ETH,0.78750000,""
11233391,2017-12-24 05:01:19,Spot,Transaction Related,BRD,-375.00000000,""
11233391,2017-12-24 05:21:40,Spot,Fee,BRD,-0.49900000,""
11233391,2017-12-24 05:21:40,Spot,Buy,BRD,499.00000000,""
11233391,2017-12-24 05:21:40,Spot,Transaction Related,ETH,-1.04790000,""
11233391,2017-12-24 07:32:49,Spot,Transaction Related,BRD,-166.00000000,""
11233391,2017-12-24 07:32:49,Spot,Buy,ETH,0.42828000,""
11233391,2017-12-24 07:32:49,Spot,Fee,ETH,-0.00042828,""
11233391,2017-12-24 07:32:54,Spot,Buy,ETH,0.05418000,""
11233391,2017-12-24 07:32:54,Spot,Transaction Related,BRD,-21.00000000,""
11233391,2017-12-24 07:32:54,Spot,Fee,ETH,-0.00005418,""
11233391,2017-12-24 07:32:55,Spot,Buy,ETH,0.94686000,""
11233391,2017-12-24 07:32:55,Spot,Transaction Related,BRD,-367.00000000,""
11233391,2017-12-24 07:32:55,Spot,Fee,ETH,-0.00094686,""
11233391,2017-12-24 07:32:56,Spot,Fee,ETH,-0.00046698,""
11233391,2017-12-24 07:32:56,Spot,Buy,ETH,0.46698000,""
11233391,2017-12-24 07:32:56,Spot,Transaction Related,BRD,-181.00000000,""
11233391,2017-12-24 07:32:57,Spot,Transaction Related,BRD,-162.00000000,""
11233391,2017-12-24 07:32:57,Spot,Buy,ETH,2.28846000,""
11233391,2017-12-24 07:32:57,Spot,Fee,ETH,-0.00041796,""
11233391,2017-12-24 07:32:57,Spot,Buy,ETH,0.41796000,""
11233391,2017-12-24 07:32:57,Spot,Fee,ETH,-0.00228846,""
11233391,2017-12-24 07:32:57,Spot,Transaction Related,BRD,-887.00000000,""
11233391,2017-12-24 07:32:58,Spot,Transaction Related,BRD,-216.00000000,""
11233391,2017-12-24 07:32:58,Spot,Fee,ETH,-0.00055728,""
11233391,2017-12-24 07:32:58,Spot,Buy,ETH,0.55728000,""
11233391,2017-12-24 09:02:58,Spot,Fee,BRD,-1.99700000,""
11233391,2017-12-24 09:02:58,Spot,Buy,BRD,1997.00000000,""
11233391,2017-12-24 09:02:58,Spot,Transaction Related,ETH,-5.15425700,""
11233391,2017-12-26 14:52:26,Spot,Transaction Related,BRD,-7000.00000000,""
11233391,2017-12-26 14:52:26,Spot,Fee,BTC,-0.00070000,""
11233391,2017-12-26 14:52:26,Spot,Buy,BTC,0.70000000,""
11233391,2017-12-26 15:13:26,Spot,Transaction Related,BRD,-1590.00000000,""
11233391,2017-12-26 15:13:27,Spot,Fee,BTC,-0.00015509,""
11233391,2017-12-26 15:13:27,Spot,Buy,BTC,0.15508860,""
11233391,2017-12-26 15:13:30,Spot,Transaction Related,OST,-330.00000000,""
11233391,2017-12-26 15:13:30,Spot,Buy,BTC,0.00964665,""
11233391,2017-12-26 15:13:30,Spot,Fee,BTC,-0.00000479,""
11233391,2017-12-26 15:13:30,Spot,Buy,BTC,0.10534250,""
11233391,2017-12-26 15:13:30,Spot,Transaction Related,OST,-7250.00000000,""
11233391,2017-12-26 15:13:30,Spot,Fee,BTC,-0.00010534,""
11233391,2017-12-26 15:13:30,Spot,Buy,BTC,0.00479490,""
11233391,2017-12-26 15:13:30,Spot,Transaction Related,OST,-663.00000000,""
11233391,2017-12-26 15:13:30,Spot,Fee,BTC,-0.00000965,""
11233391,2017-12-26 15:15:01,Spot,Transaction Related,QSP,-2893.00000000,""
11233391,2017-12-26 15:15:01,Spot,Buy,BTC,0.04369918,""
11233391,2017-12-26 15:15:01,Spot,Buy,BTC,0.03000041,""
11233391,2017-12-26 15:15:01,Spot,Buy,BTC,0.03000041,""
11233391,2017-12-26 15:15:01,Spot,Fee,BTC,-0.00003000,""
11233391,2017-12-26 15:15:01,Spot,Transaction Related,QSP,-2893.00000000,""
11233391,2017-12-26 15:15:01,Spot,Transaction Related,QSP,-4214.00000000,""
11233391,2017-12-26 15:15:01,Spot,Fee,BTC,-0.00004370,""
11233391,2017-12-26 15:15:01,Spot,Fee,BTC,-0.00003000,""
11233391,2017-12-26 15:15:40,Spot,Buy,BTC,0.06146848,""
11233391,2017-12-26 15:15:40,Spot,Fee,BTC,-0.00006147,""
11233391,2017-12-26 15:15:40,Spot,Buy,BTC,0.00114675,""
11233391,2017-12-26 15:15:40,Spot,Fee,BNB,-0.00116839,""
11233391,2017-12-26 15:15:40,Spot,Transaction Related,IOTA,-268.00000000,""
11233391,2017-12-26 15:15:40,Spot,Transaction Related,IOTA,-5.00000000,""
11233391,2017-12-26 15:15:43,Spot,Fee,BTC,-0.00001881,""
11233391,2017-12-26 15:15:43,Spot,Buy,BTC,0.01880670,""
11233391,2017-12-26 15:15:43,Spot,Transaction Related,IOTA,-82.00000000,""
11233391,2017-12-26 15:15:44,Spot,Transaction Related,IOTA,-13.00000000,""
11233391,2017-12-26 15:15:44,Spot,Buy,BTC,0.00298155,""
11233391,2017-12-26 15:15:44,Spot,Fee,BTC,-0.00002936,""
11233391,2017-12-26 15:15:44,Spot,Fee,BTC,-0.00000298,""
11233391,2017-12-26 15:15:44,Spot,Transaction Related,IOTA,-128.00000000,""
11233391,2017-12-26 15:15:44,Spot,Buy,BTC,0.02935680,""
11233391,2017-12-26 15:15:45,Spot,Fee,BNB,-0.00094291,""
11233391,2017-12-26 15:15:45,Spot,Buy,BTC,0.00091740,""
11233391,2017-12-26 15:15:45,Spot,Transaction Related,IOTA,-4.00000000,""
11233391,2017-12-26 15:22:07,Spot,Buy,BTC,0.25974650,""
11233391,2017-12-26 15:22:07,Spot,Fee,BTC,-0.00025975,""
11233391,2017-12-26 15:22:07,Spot,Transaction Related,AION,-799.22000000,""
11233391,2017-12-26 15:22:16,Spot,Fee,BTC,-0.00016079,""
11233391,2017-12-26 15:22:16,Spot,Buy,BTC,0.16078905,""
11233391,2017-12-26 15:22:16,Spot,Transaction Related,ICX,-499.50000000,""
11233391,2017-12-26 15:30:08,Spot,Buy,BTC,0.01267518,""
11233391,2017-12-26 15:30:08,Spot,Transaction Related,OST,-879.00000000,""
11233391,2017-12-26 15:30:08,Spot,Fee,BTC,-0.00001268,""
11233391,2017-12-26 15:30:46,Spot,Fee,BTC,-0.00000216,""
11233391,2017-12-26 15:30:46,Spot,Transaction Related,OST,-150.00000000,""
11233391,2017-12-26 15:30:46,Spot,Buy,BTC,0.00216300,""
11233391,2017-12-26 15:31:02,Spot,Transaction Related,OST,-327.00000000,""
11233391,2017-12-26 15:31:02,Spot,Fee,BTC,-0.00000470,""
11233391,2017-12-26 15:31:02,Spot,Buy,BTC,0.00512640,""
11233391,2017-12-26 15:31:02,Spot,Fee,BTC,-0.00000513,""
11233391,2017-12-26 15:31:02,Spot,Fee,BTC,-0.00000163,""
11233391,2017-12-26 15:31:02,Spot,Transaction Related,OST,-113.00000000,""
11233391,2017-12-26 15:31:02,Spot,Buy,BTC,0.00469572,""
11233391,2017-12-26 15:31:02,Spot,Buy,BTC,0.00162720,""
11233391,2017-12-26 15:31:02,Spot,Transaction Related,OST,-356.00000000,""
11233391,2017-12-28 08:10:13,Spot,Fee,AION,-0.50000000,""
11233391,2017-12-28 08:10:13,Spot,Buy,AION,500.00000000,""
11233391,2017-12-28 08:10:13,Spot,Transaction Related,BTC,-0.15000000,""
11233391,2017-12-29 21:32:24,Spot,Fee,POWR,-1.40900000,""
11233391,2017-12-29 21:32:24,Spot,Buy,POWR,1409.00000000,""
11233391,2017-12-29 21:32:24,Spot,Transaction Related,BTC,-0.09475525,""
11233391,2017-12-29 21:32:24,Spot,Buy,POWR,91.00000000,""
11233391,2017-12-29 21:32:24,Spot,Transaction Related,BTC,-0.00611975,""
11233391,2017-12-29 21:32:24,Spot,Fee,POWR,-0.09100000,""
11233391,2017-12-30 01:30:23,Spot,Fee,TRX,-40.00000000,""
11233391,2017-12-30 01:30:23,Spot,Transaction Related,BTC,-0.09600000,""
11233391,2017-12-30 01:30:23,Spot,Buy,TRX,40000.00000000,""
11233391,2017-12-30 01:42:38,Spot,Fee,IOTA,-0.50000000,""
11233391,2017-12-30 01:42:38,Spot,Buy,IOTA,500.00000000,""
11233391,2017-12-30 01:42:38,Spot,Transaction Related,BTC,-0.12500000,""
11233391,2017-12-30 08:38:13,Spot,Transaction Related,BTC,-0.13000000,""
11233391,2017-12-30 08:38:13,Spot,Fee,ADA,-2.50000000,""
11233391,2017-12-30 08:38:13,Spot,Buy,ADA,2500.00000000,""
11233391,2017-12-30 08:48:39,Spot,Buy,ICX,500.00000000,""
11233391,2017-12-30 08:48:39,Spot,Transaction Related,BTC,-0.19000000,""
11233391,2017-12-30 08:48:39,Spot,Fee,ICX,-0.50000000,""
11233391,2017-12-30 16:32:34,Spot,Fee,OST,-1.12500000,""
11233391,2017-12-30 16:32:34,Spot,Buy,OST,2135.00000000,""
11233391,2017-12-30 16:32:34,Spot,Fee,OST,-2.13500000,""
11233391,2017-12-30 16:32:34,Spot,Buy,OST,1740.00000000,""
11233391,2017-12-30 16:32:34,Spot,Fee,OST,-1.74000000,""
11233391,2017-12-30 16:32:34,Spot,Transaction Related,BTC,-0.02476125,""
11233391,2017-12-30 16:32:34,Spot,Buy,OST,1125.00000000,""
11233391,2017-12-30 16:32:34,Spot,Transaction Related,BTC,-0.04699135,""
11233391,2017-12-30 16:32:34,Spot,Transaction Related,BTC,-0.03829740,""
11233391,2017-12-30 19:44:29,Spot,Transaction Related,BTC,-0.19582500,""
11233391,2017-12-30 19:44:29,Spot,Buy,WABI,1500.00000000,""
11233391,2017-12-30 19:44:29,Spot,Fee,WABI,-1.50000000,""
11233391,2017-12-31 11:37:52,Spot,Transaction Related,BTC,-0.09814350,""
11233391,2017-12-31 11:37:52,Spot,Buy,DNT,9347.00000000,""
11233391,2017-12-31 11:37:52,Spot,Fee,DNT,-9.34700000,""
11233391,2017-12-31 12:47:07,Spot,Fee,DNT,-0.65300000,""
11233391,2017-12-31 12:47:07,Spot,Buy,DNT,653.00000000,""
11233391,2017-12-31 12:47:07,Spot,Transaction Related,BTC,-0.00685650,""
11233391,2018-01-01 14:26:39,Spot,Buy,POWR,35.00000000,""
11233391,2018-01-01 14:26:39,Spot,Transaction Related,BTC,-0.00275100,""
11233391,2018-01-01 14:26:39,Spot,Fee,POWR,-0.03500000,""
11233391,2018-01-01 14:27:12,Spot,Buy,POWR,244.00000000,""
11233391,2018-01-01 14:27:12,Spot,Fee,POWR,-0.24400000,""
11233391,2018-01-01 14:27:12,Spot,Transaction Related,BTC,-0.01921500,""
11233391,2018-01-01 14:27:14,Spot,Buy,POWR,3478.00000000,""
11233391,2018-01-01 14:27:14,Spot,Fee,POWR,-3.47800000,""
11233391,2018-01-01 14:27:14,Spot,Transaction Related,BTC,-0.27389250,""
11233391,2018-01-01 17:05:43,Spot,Transaction Related,POWR,-860.00000000,""
11233391,2018-01-01 17:05:43,Spot,Fee,BTC,-0.00006751,""
11233391,2018-01-01 17:05:43,Spot,Buy,BTC,0.06751000,""
11233391,2018-01-01 17:08:20,Spot,Buy,BTC,0.13274350,""
11233391,2018-01-01 17:08:20,Spot,Transaction Related,POWR,-1691.00000000,""
11233391,2018-01-01 17:08:20,Spot,Fee,BTC,-0.00013274,""
11233391,2018-01-01 22:49:04,Spot,Transaction Related,BTC,-0.09045120,""
11233391,2018-01-01 22:49:04,Spot,Fee,ETC,-0.04038000,""
11233391,2018-01-01 22:49:04,Spot,Buy,ETC,40.38000000,""
11233391,2018-01-01 22:49:05,Spot,Buy,ETC,5.00000000,""
11233391,2018-01-01 22:49:05,Spot,Transaction Related,BTC,-0.01120000,""
11233391,2018-01-01 22:49:06,Spot,Fee,ETC,-0.00500000,""
11233391,2018-01-01 22:49:20,Spot,Buy,ETC,4.62000000,""
11233391,2018-01-01 22:49:20,Spot,Transaction Related,BTC,-0.01034880,""
11233391,2018-01-01 22:49:20,Spot,Fee,ETC,-0.00462000,""
11233391,2018-01-02 15:34:30,Spot,Commission History,BTC,0.00003944,""
11233391,2018-01-02 15:36:13,Spot,Commission History,CND,2.61950000,""
11233391,2018-01-02 15:38:01,Spot,Commission History,SUB,0.08700000,""
11233391,2018-01-02 15:38:38,Spot,Commission History,SUB,0.06000000,""
11233391,2018-01-02 15:38:39,Spot,Commission History,SUB,0.09600000,""
11233391,2018-01-02 16:31:03,Spot,Buy,CND,570.00000000,""
11233391,2018-01-02 16:31:03,Spot,Transaction Related,BTC,-0.00420090,""
11233391,2018-01-02 16:31:03,Spot,Fee,CND,-0.57000000,""
11233391,2018-01-02 16:31:07,Spot,Fee,CND,-9.43000000,""
11233391,2018-01-02 16:31:07,Spot,Transaction Related,BTC,-0.06949910,""
11233391,2018-01-02 16:31:07,Spot,Buy,CND,9430.00000000,""
11233391,2018-01-02 16:33:49,Spot,Transaction Related,BTC,-0.02142720,""
11233391,2018-01-02 16:33:49,Spot,Fee,SUB,-0.25600000,""
11233391,2018-01-02 16:33:49,Spot,Buy,SUB,256.00000000,""
11233391,2018-01-02 16:33:51,Spot,Transaction Related,BTC,-0.05624640,""
11233391,2018-01-02 16:33:51,Spot,Fee,SUB,-0.67200000,""
11233391,2018-01-02 16:33:51,Spot,Buy,SUB,672.00000000,""
11233391,2018-01-02 16:33:56,Spot,Buy,SUB,439.00000000,""
11233391,2018-01-02 16:33:56,Spot,Fee,SUB,-0.43900000,""
11233391,2018-01-02 16:33:56,Spot,Transaction Related,BTC,-0.03674430,""
11233391,2018-01-02 16:34:02,Spot,Buy,SUB,50.00000000,""
11233391,2018-01-02 16:34:02,Spot,Fee,SUB,-0.05000000,""
11233391,2018-01-02 16:34:02,Spot,Transaction Related,BTC,-0.00418500,""
11233391,2018-01-02 16:34:04,Spot,Buy,SUB,83.00000000,""
11233391,2018-01-02 16:34:04,Spot,Transaction Related,BTC,-0.00694710,""
11233391,2018-01-02 16:34:04,Spot,Fee,SUB,-0.08300000,""
11233391,2018-01-02 19:24:08,Spot,Buy,BRD,1000.00000000,""
11233391,2018-01-02 19:24:09,Spot,Transaction Related,BTC,-0.11000000,""
11233391,2018-01-02 19:24:09,Spot,Fee,BRD,-1.00000000,""
11233391,2018-01-04 08:52:14,Spot,Fee,BTC,-0.00010627,""
11233391,2018-01-04 08:52:14,Spot,Transaction Related,TRX,-9960.00000000,""
11233391,2018-01-04 08:52:14,Spot,Buy,BTC,0.10627320,""
11233391,2018-01-04 10:05:23,Spot,Transaction Related,BTC,-0.00324054,""
11233391,2018-01-04 10:05:23,Spot,Buy,LINK,54.00000000,""
11233391,2018-01-04 10:05:23,Spot,Fee,LINK,-0.05400000,""
11233391,2018-01-04 10:05:27,Spot,Fee,LINK,-1.36700000,""
11233391,2018-01-04 10:05:27,Spot,Buy,LINK,1367.00000000,""
11233391,2018-01-04 10:05:27,Spot,Transaction Related,BTC,-0.08203367,""
11233391,2018-01-04 10:05:29,Spot,Buy,LINK,371.00000000,""
11233391,2018-01-04 10:05:29,Spot,Transaction Related,BTC,-0.02226371,""
11233391,2018-01-04 10:05:29,Spot,Fee,LINK,-0.37100000,""
11233391,2018-01-04 10:08:11,Spot,Buy,BTC,0.00246974,""
11233391,2018-01-04 10:08:11,Spot,Transaction Related,SUB,-26.00000000,""
11233391,2018-01-04 10:08:11,Spot,Fee,BTC,-0.00000247,""
11233391,2018-01-04 10:08:26,Spot,Transaction Related,SUB,-472.00000000,""
11233391,2018-01-04 10:08:26,Spot,Buy,BTC,0.04483528,""
11233391,2018-01-04 10:08:26,Spot,Fee,BTC,-0.00004484,""
11233391,2018-01-04 10:10:56,Spot,Fee,BTC,-0.00008466,""
11233391,2018-01-04 10:10:56,Spot,Transaction Related,WABI,-498.00000000,""
11233391,2018-01-04 10:10:56,Spot,Buy,BTC,0.08465502,""
11233391,2018-01-04 10:46:44,Spot,Fee,BTC,-0.00004737,""
11233391,2018-01-04 10:46:44,Spot,Transaction Related,CND,-4992.00000000,""
11233391,2018-01-04 10:46:44,Spot,Buy,BTC,0.04737408,""
11233391,2018-01-04 11:51:01,Spot,Transaction Related,BTC,-0.09889320,""
11233391,2018-01-04 11:51:01,Spot,Fee,IOTA,-0.36600000,""
11233391,2018-01-04 11:51:01,Spot,Buy,IOTA,366.00000000,""
11233391,2018-01-04 11:53:15,Spot,Transaction Related,BTC,-0.08024643,""
11233391,2018-01-04 11:53:15,Spot,Fee,IOTA,-0.29700000,""
11233391,2018-01-04 11:53:15,Spot,Buy,IOTA,297.00000000,""
11233391,2018-01-04 11:57:09,Spot,Transaction Related,DNT,-85.00000000,""
11233391,2018-01-04 11:57:10,Spot,Fee,BNB,-0.00100636,""
11233391,2018-01-04 11:57:10,Spot,Buy,BTC,0.02974608,""
11233391,2018-01-04 11:57:10,Spot,Fee,BTC,-0.00002975,""
11233391,2018-01-04 11:57:10,Spot,Transaction Related,DNT,-2043.00000000,""
11233391,2018-01-04 11:57:10,Spot,Buy,BTC,0.00123760,""
11233391,2018-01-04 11:57:31,Spot,Fee,BNB,-0.00011359,""
11233391,2018-01-04 11:57:31,Spot,Transaction Related,DNT,-10.00000000,""
11233391,2018-01-04 11:57:31,Spot,Buy,BTC,0.00014560,""
11233391,2018-01-04 11:57:51,Spot,Buy,BTC,0.01932112,""
11233391,2018-01-04 11:57:51,Spot,Fee,BTC,-0.00001932,""
11233391,2018-01-04 11:57:51,Spot,Transaction Related,DNT,-1327.00000000,""
11233391,2018-01-04 11:57:53,Spot,Buy,BTC,0.02151968,""
11233391,2018-01-04 11:57:53,Spot,Transaction Related,DNT,-1478.00000000,""
11233391,2018-01-04 11:57:53,Spot,Fee,BTC,-0.00002152,""
11233391,2018-01-04 11:58:19,Spot,Transaction Related,DNT,-47.00000000,""
11233391,2018-01-04 11:58:19,Spot,Fee,BTC,-6.8E-7,""
11233391,2018-01-04 11:58:19,Spot,Buy,BTC,0.00068432,""
11233391,2018-01-04 14:38:06,Spot,Transaction Related,TRX,-10000.00000000,""
11233391,2018-01-04 14:38:06,Spot,Buy,BTC,0.13990000,""
11233391,2018-01-04 14:38:06,Spot,Fee,BTC,-0.00013990,""
11233391,2018-01-04 15:12:19,Spot,Buy,BTC,0.27000000,""
11233391,2018-01-04 15:12:19,Spot,Fee,BTC,-0.00027000,""
11233391,2018-01-04 15:12:19,Spot,Transaction Related,TRX,-20000.00000000,""
11233391,2018-01-04 20:44:15,Spot,Fee,TRX,-20.01500000,""
11233391,2018-01-04 20:44:15,Spot,Buy,TRX,20015.00000000,""
11233391,2018-01-04 20:44:15,Spot,Transaction Related,BTC,-0.20035015,""
11233391,2018-01-05 00:10:07,Spot,Transaction Related,BTC,-0.12502500,""
11233391,2018-01-05 00:10:07,Spot,Buy,VEN,500.00000000,""
11233391,2018-01-05 00:10:07,Spot,Fee,VEN,-0.50000000,""
11233391,2018-01-05 10:07:20,Spot,Fee,BTC,-0.00002706,""
11233391,2018-01-05 10:07:20,Spot,Buy,BTC,0.00874500,""
11233391,2018-01-05 10:07:20,Spot,Transaction Related,DNT,-500.00000000,""
11233391,2018-01-05 10:07:20,Spot,Transaction Related,DNT,-1547.00000000,""
11233391,2018-01-05 10:07:20,Spot,Fee,BTC,-0.00000875,""
11233391,2018-01-05 10:07:20,Spot,Buy,BTC,0.02705703,""
11233391,2018-01-05 10:09:37,Spot,Fee,BTC,-0.00000584,""
11233391,2018-01-05 10:09:37,Spot,Buy,BTC,0.00584166,""
11233391,2018-01-05 10:09:37,Spot,Transaction Related,DNT,-334.00000000,""
11233391,2018-01-05 10:09:56,Spot,Fee,BTC,-0.00004581,""
11233391,2018-01-05 10:09:56,Spot,Buy,BTC,0.04580631,""
11233391,2018-01-05 10:09:56,Spot,Transaction Related,DNT,-2619.00000000,""
11233391,2018-01-05 10:21:36,Spot,Transaction Related,OST,-1404.00000000,""
11233391,2018-01-05 10:21:36,Spot,Buy,BTC,0.07018596,""
11233391,2018-01-05 10:21:36,Spot,Fee,BTC,-0.00007019,""
11233391,2018-01-05 10:21:45,Spot,Buy,BTC,0.01129774,""
11233391,2018-01-05 10:21:45,Spot,Fee,BTC,-0.00006824,""
11233391,2018-01-05 10:21:45,Spot,Buy,BTC,0.06823635,""
11233391,2018-01-05 10:21:45,Spot,Fee,BTC,-0.00001130,""
11233391,2018-01-05 10:21:45,Spot,Transaction Related,OST,-226.00000000,""
11233391,2018-01-05 10:21:45,Spot,Transaction Related,OST,-1365.00000000,""
11233391,2018-01-05 10:27:00,Spot,Fee,BNB,-0.00013829,""
11233391,2018-01-05 10:27:00,Spot,Transaction Related,WABI,-1.00000000,""
11233391,2018-01-05 10:27:00,Spot,Buy,BTC,0.00019999,""
11233391,2018-01-05 10:27:03,Spot,Fee,BTC,-0.00009980,""
11233391,2018-01-05 10:27:03,Spot,Buy,BTC,0.09979501,""
11233391,2018-01-05 10:27:03,Spot,Transaction Related,WABI,-499.00000000,""
11233391,2018-01-05 12:18:09,Spot,Fee,BTC,-0.00004050,""
11233391,2018-01-05 12:18:09,Spot,Transaction Related,IOTA,-162.00000000,""
11233391,2018-01-05 12:18:09,Spot,Buy,BTC,0.04049838,""
11233391,2018-01-05 12:28:57,Spot,Buy,BTC,0.04124835,""
11233391,2018-01-05 12:28:57,Spot,Fee,BTC,-0.00002100,""
11233391,2018-01-05 12:28:57,Spot,Buy,BTC,0.02099916,""
11233391,2018-01-05 12:28:57,Spot,Fee,BTC,-0.00004125,""
11233391,2018-01-05 12:28:57,Spot,Transaction Related,VEN,-165.00000000,""
11233391,2018-01-05 12:28:57,Spot,Transaction Related,VEN,-84.00000000,""
11233391,2018-01-05 13:09:16,Spot,Transaction Related,BTC,-0.09875000,""
11233391,2018-01-05 13:09:16,Spot,Fee,WABI,-0.50000000,""
11233391,2018-01-05 13:09:16,Spot,Buy,WABI,500.00000000,""
11233391,2018-01-06 13:10:17,Spot,Buy,TRX,10000.00000000,""
11233391,2018-01-06 13:10:17,Spot,Fee,TRX,-10.00000000,""
11233391,2018-01-06 13:10:17,Spot,Transaction Related,BTC,-0.10150000,""
11233391,2018-01-06 14:06:31,Spot,Fee,TRX,-5.00000000,""
11233391,2018-01-06 14:06:31,Spot,Transaction Related,BTC,-0.04505000,""
11233391,2018-01-06 14:06:31,Spot,Buy,TRX,5000.00000000,""
11233391,2018-01-07 14:23:21,Spot,Commission History,ETH,0.00020019,""
11233391,2018-01-07 14:23:21,Spot,Commission History,ETH,0.00003100,""
11233391,2018-01-07 14:25:08,Spot,Commission History,TRX,0.56950000,""
11233391,2018-01-07 14:25:08,Spot,Commission History,TRX,0.63950000,""
11233391,2018-01-07 14:25:10,Spot,Commission History,TRX,0.30900000,""
11233391,2018-01-07 21:50:07,Spot,Fee,TRX,-0.30000000,""
11233391,2018-01-07 21:50:07,Spot,Transaction Related,BTC,-0.03413039,""
11233391,2018-01-07 21:50:07,Spot,Buy,TRX,3849.00000000,""
11233391,2018-01-07 21:50:07,Spot,Fee,TRX,-3.45100000,""
11233391,2018-01-07 21:50:07,Spot,Transaction Related,BTC,-0.00247250,""
11233391,2018-01-07 21:50:07,Spot,Transaction Related,BTC,-0.03806661,""
11233391,2018-01-07 21:50:07,Spot,Buy,TRX,250.00000000,""
11233391,2018-01-07 21:50:07,Spot,Fee,TRX,-0.25000000,""
11233391,2018-01-07 21:50:07,Spot,Transaction Related,BTC,-0.00296700,""
11233391,2018-01-07 21:50:07,Spot,Fee,TRX,-0.74500000,""
11233391,2018-01-07 21:50:07,Spot,Transaction Related,BTC,-0.00736805,""
11233391,2018-01-07 21:50:07,Spot,Transaction Related,BTC,-0.01390950,""
11233391,2018-01-07 21:50:07,Spot,Fee,TRX,-1.40500000,""
11233391,2018-01-07 21:50:07,Spot,Fee,TRX,-3.84900000,""
11233391,2018-01-07 21:50:07,Spot,Buy,TRX,745.00000000,""
11233391,2018-01-07 21:50:07,Spot,Buy,TRX,1405.00000000,""
11233391,2018-01-07 21:50:07,Spot,Buy,TRX,300.00000000,""
11233391,2018-01-07 21:50:07,Spot,Buy,TRX,3451.00000000,""
11233391,2018-01-09 08:19:11,Spot,Fee,BTC,-0.00007225,""
11233391,2018-01-09 08:19:11,Spot,Transaction Related,VEN,-250.00000000,""
11233391,2018-01-09 08:19:11,Spot,Buy,BTC,0.07225000,""
11233391,2018-01-09 08:21:40,Spot,Buy,AION,37.72000000,""
11233391,2018-01-09 08:21:40,Spot,Fee,AION,-0.03772000,""
11233391,2018-01-09 08:21:40,Spot,Transaction Related,BTC,-0.02527617,""
11233391,2018-01-09 08:21:41,Spot,Transaction Related,BTC,-0.02778234,""
11233391,2018-01-09 08:21:41,Spot,Transaction Related,BTC,-0.01395148,""
11233391,2018-01-09 08:21:41,Spot,Buy,AION,20.82000000,""
11233391,2018-01-09 08:21:41,Spot,Fee,AION,-0.04146000,""
11233391,2018-01-09 08:21:41,Spot,Fee,AION,-0.02082000,""
11233391,2018-01-09 08:21:41,Spot,Buy,AION,41.46000000,""
11233391,2018-01-09 08:52:33,Spot,Fee,AION,-0.02633000,""
11233391,2018-01-09 08:52:33,Spot,Transaction Related,BTC,-0.01738043,""
11233391,2018-01-09 08:52:33,Spot,Buy,AION,26.33000000,""
11233391,2018-01-09 08:54:51,Spot,Transaction Related,BTC,-0.00868031,""
11233391,2018-01-09 08:54:51,Spot,Fee,AION,-0.01315000,""
11233391,2018-01-09 08:54:51,Spot,Buy,AION,13.15000000,""
11233391,2018-01-09 08:57:30,Spot,Transaction Related,BTC,-0.00021783,""
11233391,2018-01-09 08:57:30,Spot,Fee,BNB,-0.00008834,""
11233391,2018-01-09 08:57:30,Spot,Buy,AION,0.33000000,""
11233391,2018-01-09 08:57:30,Spot,Fee,AION,-0.05971000,""
11233391,2018-01-09 08:57:30,Spot,Transaction Related,BTC,-0.03941457,""
11233391,2018-01-09 08:57:30,Spot,Fee,BNB,-0.00012850,""
11233391,2018-01-09 08:57:30,Spot,Transaction Related,BTC,-0.00031684,""
11233391,2018-01-09 08:57:30,Spot,Buy,AION,0.48000000,""
11233391,2018-01-09 08:57:30,Spot,Buy,AION,59.71000000,""
11233391,2018-01-10 06:17:14,Spot,Buy,ZRX,261.00000000,""
11233391,2018-01-10 06:17:15,Spot,Transaction Related,BTC,-0.09570050,""
11233391,2018-01-10 06:17:15,Spot,Transaction Related,BTC,-0.03379950,""
11233391,2018-01-10 06:17:15,Spot,Fee,ZRX,-0.26100000,""
11233391,2018-01-10 06:17:15,Spot,Buy,ZRX,739.00000000,""
11233391,2018-01-10 06:17:15,Spot,Fee,ZRX,-0.73900000,""
11233391,2018-01-19 19:11:48,Spot,Fee,ETH,-0.00002424,""
11233391,2018-01-19 19:11:48,Spot,Buy,ETH,0.02424400,""
11233391,2018-01-19 19:11:48,Spot,Transaction Related,CND,-116.00000000,""
11233391,2018-01-19 19:13:13,Spot,Buy,ETH,1.41858000,""
11233391,2018-01-19 19:13:13,Spot,Transaction Related,BRD,-99.00000000,""
11233391,2018-01-19 19:13:13,Spot,Fee,ETH,-0.00015604,""
11233391,2018-01-19 19:13:13,Spot,Transaction Related,BRD,-900.00000000,""
11233391,2018-01-19 19:13:13,Spot,Buy,ETH,0.15604380,""
11233391,2018-01-19 19:13:13,Spot,Fee,ETH,-0.00141858,""
11233391,2018-01-19 19:14:17,Spot,Buy,ETH,0.26940100,""
11233391,2018-01-19 19:14:17,Spot,Fee,ETH,-0.00075136,""
11233391,2018-01-19 19:14:17,Spot,Fee,ETH,-0.00026940,""
11233391,2018-01-19 19:14:17,Spot,Buy,ETH,0.75135500,""
11233391,2018-01-19 19:14:17,Spot,Transaction Related,CND,-3595.00000000,""
11233391,2018-01-19 19:14:17,Spot,Transaction Related,CND,-1289.00000000,""
11233391,2018-01-19 19:29:56,Spot,Withdraw,ETH,-2.61965401,Withdraw fee is included
11233391,2018-01-22 11:29:16,Spot,Commission History,BNB,0.00068101,""
11233391,2018-01-22 11:29:51,Spot,Commission History,BNB,0.00152804,""
11233391,2018-01-22 11:34:13,Spot,Commission History,BNB,0.00248759,""
11233391,2018-01-22 11:42:46,Spot,Commission History,USDT,0.04718448,""
11233391,2018-01-22 11:42:46,Spot,Commission History,USDT,0.08039844,""
11233391,2018-01-22 12:04:41,Spot,Commission History,ETH,0.00012314,""
11233391,2018-01-22 12:05:05,Spot,Commission History,QSP,0.08340000,""
11233391,2018-01-22 12:06:10,Spot,Commission History,QSP,0.19680000,""
11233391,2018-01-22 13:46:45,Spot,Commission History,ETH,0.00005305,""
11233391,2018-01-25 21:47:07,Spot,Commission History,ETH,0.00006421,""
11233391,2018-01-25 22:23:08,Spot,Commission History,ETC,0.00238200,""
11233391,2018-01-30 11:58:01,Spot,Transaction Related,BTC,-0.00243533,""
11233391,2018-01-30 11:58:01,Spot,Buy,ETH,0.11300000,""
11233391,2018-01-30 11:58:01,Spot,Fee,ETH,-0.00011300,""
11233391,2018-01-30 11:58:01,Spot,Fee,BNB,-0.00107695,""
11233391,2018-01-30 11:58:01,Spot,Transaction Related,BTC,-0.01196489,""
11233391,2018-01-30 11:58:01,Spot,Buy,ETH,0.02300000,""
11233391,2018-01-30 11:58:03,Spot,Buy,ETH,0.44600000,""
11233391,2018-01-30 11:58:03,Spot,Transaction Related,BTC,-0.04722426,""
11233391,2018-01-30 11:58:03,Spot,Fee,ETH,-0.00044600,""
11233391,2018-01-30 12:03:04,Spot,Transaction Related,TRX,-33647.00000000,""
11233391,2018-01-30 12:03:04,Spot,Buy,ETH,0.47842341,""
11233391,2018-01-30 12:03:04,Spot,Buy,ETH,1.72037111,""
11233391,2018-01-30 12:03:04,Spot,Transaction Related,TRX,-1967.00000000,""
11233391,2018-01-30 12:03:04,Spot,Fee,ETH,-0.00172037,""
11233391,2018-01-30 12:03:04,Spot,Fee,ETH,-0.00010057,""
11233391,2018-01-30 12:03:04,Spot,Fee,ETH,-0.00047842,""
11233391,2018-01-30 12:03:04,Spot,Transaction Related,TRX,-9357.00000000,""
11233391,2018-01-30 12:03:04,Spot,Buy,ETH,0.10057271,""
11233391,2018-01-30 20:34:02,Spot,Transaction Related,ETH,-2.00886228,""
11233391,2018-01-30 20:34:02,Spot,Transaction Related,ETH,-0.20043927,""
11233391,2018-01-30 20:34:02,Spot,Buy,NEO,1.86000000,""
11233391,2018-01-30 20:34:02,Spot,Transaction Related,ETH,-0.41817682,""
11233391,2018-01-30 20:34:02,Spot,Fee,NEO,-0.00311000,""
11233391,2018-01-30 20:34:02,Spot,Fee,NEO,-0.00149000,""
11233391,2018-01-30 20:34:02,Spot,Transaction Related,ETH,-0.25022022,""
11233391,2018-01-30 20:34:02,Spot,Buy,NEO,1.49000000,""
11233391,2018-01-30 20:34:02,Spot,Buy,NEO,3.11000000,""
11233391,2018-01-30 20:34:02,Spot,Buy,NEO,14.94000000,""
11233391,2018-01-30 20:34:02,Spot,Fee,NEO,-0.01494000,""
11233391,2018-01-30 20:34:02,Spot,Fee,NEO,-0.00186000,""
11233391,2018-02-01 00:54:22,Spot,Commission History,ETH,0.00000557,""
11233391,2018-02-01 00:54:22,Spot,Commission History,BNB,0.00027788,""
11233391,2018-02-01 00:54:22,Spot,Commission History,BNB,0.00031764,""
11233391,2018-02-01 00:54:37,Spot,Commission History,ETH,0.00000318,""
11233391,2018-02-01 00:57:52,Spot,Commission History,ETH,0.00000414,""
11233391,2018-02-06 08:31:10,Spot,Distribution,GAS,0.01282716,""
11233391,2018-02-13 07:47:48,Spot,Buy,ETH,0.29747324,""
11233391,2018-02-13 07:47:48,Spot,Transaction Related,ETC,-8.38000000,""
11233391,2018-02-13 07:47:48,Spot,Fee,BNB,-0.00414726,""
11233391,2018-02-13 07:47:49,Spot,Transaction Related,ETC,-2.90000000,""
11233391,2018-02-13 07:47:49,Spot,Fee,ETH,-0.00003070,""
11233391,2018-02-13 07:47:49,Spot,Transaction Related,ETC,-2.89000000,""
11233391,2018-02-13 07:47:49,Spot,Buy,ETH,0.10234068,""
11233391,2018-02-13 07:47:49,Spot,Transaction Related,ETC,-35.65000000,""
11233391,2018-02-13 07:47:49,Spot,Buy,ETH,1.26243780,""
11233391,2018-02-13 07:47:49,Spot,Fee,ETH,-0.00037873,""
11233391,2018-02-13 07:47:49,Spot,Fee,ETH,-0.00003081,""
11233391,2018-02-13 07:47:49,Spot,Buy,ETH,0.10269480,""
11233391,2018-02-13 07:47:49,Spot,Buy,ETH,0.00460356,""
11233391,2018-02-13 07:47:49,Spot,Fee,BNB,-0.00006413,""
11233391,2018-02-13 07:47:49,Spot,Transaction Related,ETC,-0.13000000,""
11233391,2018-02-13 07:59:31,Spot,Withdraw,ETH,-1.77017341,Withdraw fee is included
11233391,2018-02-15 21:34:23,Spot,Commission History,ETH,0.00001750,""
11233391,2018-02-15 21:40:25,Spot,Commission History,ETH,0.00000911,""
11233391,2018-02-15 21:43:28,Spot,Commission History,ETH,0.00002262,""
11233391,2018-03-01 09:25:18,Spot,Distribution,ONT,2.13786000,""
11233391,2018-03-02 10:14:15,Spot,Distribution,GAS,0.17958024,""
11233391,2018-04-05 12:37:49,Spot,Distribution,GAS,0.19240740,""
11233391,2018-05-03 05:48:44,Spot,Distribution,GAS,0.19240740,""
11233391,2018-06-01 15:39:11,Spot,Distribution,GAS,0.19882098,""
11233391,2018-07-03 02:41:50,Spot,Distribution,GAS,0.19240740,""
11233391,2018-07-11 14:00:16,Spot,Distribution,ONT,2.13786000,""
11233391,2018-07-24 07:28:12,Spot,Distribution,VET,50.00000000,""
11233391,2018-08-01 06:36:01,Spot,Distribution,VTHO,0.35197564,""
11233391,2018-08-03 06:52:21,Spot,Distribution,ONG,0.03335062,""
11233391,2018-08-03 09:55:28,Spot,Distribution,GAS,0.19882098,""
11233391,2018-08-03 12:18:40,Spot,Distribution,VTHO,0.19440000,""
11233391,2018-09-05 02:59:16,Spot,Distribution,GAS,0.19882098,""
11233391,2018-09-05 07:49:02,Spot,Distribution,ONG,0.03976419,""
11233391,2018-09-06 12:22:43,Spot,Distribution,VTHO,0.66960000,""
11233391,2018-10-03 08:15:32,Spot,Distribution,VTHO,0.64800000,""
11233391,2018-10-03 17:57:37,Spot,Distribution,GAS,0.19240740,""
11233391,2018-10-04 03:34:16,Spot,Distribution,ONG,0.03848148,""
